Zone,State,City,Name,Google review rating,Significance,Establishment Year,Best Time to visit,Image URL,Label
Northern,Delhi,Delhi,India Gate,4.6,Historical,1921,Evening,https://images.unsplash.com/photo-1705861146215-893c716481e7?crop=entropy&cs=tinysrgb&fit=max&fm=jpg&ixid=M3w2NjYxNzV8MHwxfHNlYXJjaHwxfHxJbmRpYSUyMEdhdGV8ZW58MHx8fHwxNzI5MjQ0Mjc3fDA&ixlib=rb-4.0.3&q=80&w=400,4
Northern,Delhi,Delhi,Humayun's Tomb,4.5,Historical,1572,Afternoon,https://images.unsplash.com/photo-1646938691456-a03d01a8276a?crop=entropy&cs=tinysrgb&fit=max&fm=jpg&ixid=M3w2NjYxNzV8MHwxfHNlYXJjaHwxfHxIdW1heXVuJTI3cyUyMFRvbWJ8ZW58MHx8fHwxNzI5MjQ0Mjc3fDA&ixlib=rb-4.0.3&q=80&w=400,4
Northern,Delhi,Delhi,Akshardham Temple,4.6,Religious,2005,Afternoon,"https://www.goldentriangletour.com/userfiles/1_Swaminarayan%20Akshardham%20Complex,%20New%20Delhi.jpg",4
Northern,Delhi,Delhi,Waste to Wonder Park,4.1,Environmental,2019,Evening,https://images.unsplash.com/photo-1686052903991-fedc0903ad4d?crop=entropy&cs=tinysrgb&fit=max&fm=jpg&ixid=M3w2NjYxNzV8MHwxfHNlYXJjaHwxfHxXYXN0ZSUyMHRvJTIwV29uZGVyJTIwUGFya3xlbnwwfHx8fDE3MjkyNDQyNzl8MA&ixlib=rb-4.0.3&q=80&w=400,4
Northern,Delhi,Delhi,Jantar Mantar,4.2,Scientific,1724,Morning,https://images.unsplash.com/photo-1630042924275-ac0a9c2b0c8d?crop=entropy&cs=tinysrgb&fit=max&fm=jpg&ixid=M3w2NjYxNzV8MHwxfHNlYXJjaHwxfHxKYW50YXIlMjBNYW50YXJ8ZW58MHx8fHwxNzI5MjQ0Mjc5fDA&ixlib=rb-4.0.3&q=80&w=400,4
Northern,Delhi,Delhi,Chandni Chowk,4.2,Market,1700,Afternoon,https://images.unsplash.com/photo-1662101875545-0b0cb8b7795b?crop=entropy&cs=tinysrgb&fit=max&fm=jpg&ixid=M3w2NjYxNzV8MHwxfHNlYXJjaHwxfHxDaGFuZG5pJTIwQ2hvd2t8ZW58MHx8fHwxNzI5MjQ0MjgwfDA&ixlib=rb-4.0.3&q=80&w=400,4
Northern,Delhi,Delhi,Lotus Temple,4.5,Religious,1986,Evening,https://images.unsplash.com/photo-1705384766432-d77804736822?crop=entropy&cs=tinysrgb&fit=max&fm=jpg&ixid=M3w2NjYxNzV8MHwxfHNlYXJjaHwxfHxMb3R1cyUyMFRlbXBsZXxlbnwwfHx8fDE3MjkyNDQyODF8MA&ixlib=rb-4.0.3&q=80&w=400,4
Northern,Delhi,Delhi,Red Fort,4.5,Historical,1648,Afternoon,https://images.unsplash.com/photo-1705861144413-f02e38354648?crop=entropy&cs=tinysrgb&fit=max&fm=jpg&ixid=M3w2NjYxNzV8MHwxfHNlYXJjaHwxfHxSZWQlMjBGb3J0fGVufDB8fHx8MTcyOTI0NDI4MXww&ixlib=rb-4.0.3&q=80&w=400,4
Northern,Delhi,Delhi,Agrasen ki Baoli,4.2,Historical,1400,Afternoon,https://images.unsplash.com/photo-1728384236146-45d413522a91?crop=entropy&cs=tinysrgb&fit=max&fm=jpg&ixid=M3w2NjYxNzV8MHwxfHNlYXJjaHwxfHxBZ3Jhc2VuJTIwa2klMjBCYW9saXxlbnwwfHx8fDE3MjkyNDQyODJ8MA&ixlib=rb-4.0.3&q=80&w=400,4
Northern,Delhi,Delhi,Sunder Nursery,4.6,Botanical,1600,Afternoon,https://images.unsplash.com/photo-1710743786016-17a934454432?crop=entropy&cs=tinysrgb&fit=max&fm=jpg&ixid=M3w2NjYxNzV8MHwxfHNlYXJjaHwxfHxTdW5kZXIlMjBOdXJzZXJ5fGVufDB8fHx8MTcyOTI0NDI4M3ww&ixlib=rb-4.0.3&q=80&w=400,4
Northern,Delhi,Delhi,Garden of Five Senses,4.1,Botanical,2003,Morning,https://images.unsplash.com/photo-1534710961216-75c88202f43e?crop=entropy&cs=tinysrgb&fit=max&fm=jpg&ixid=M3w2NjYxNzV8MHwxfHNlYXJjaHwxfHxHYXJkZW4lMjBvZiUyMEZpdmUlMjBTZW5zZXN8ZW58MHx8fHwxNzI5MjQ0MjgzfDA&ixlib=rb-4.0.3&q=80&w=400,4
Northern,Delhi,Delhi,Lodhi Garden,4.5,Botanical,1500,All,https://images.unsplash.com/photo-1715633742355-f9d8322ca70e?crop=entropy&cs=tinysrgb&fit=max&fm=jpg&ixid=M3w2NjYxNzV8MHwxfHNlYXJjaHwxfHxMb2RoaSUyMEdhcmRlbnxlbnwwfHx8fDE3MjkyNDQyODR8MA&ixlib=rb-4.0.3&q=80&w=400,4
Northern,Delhi,Delhi,National Gallery of Modern Art,4.5,Artistic,1954,All,https://images.unsplash.com/photo-1664892527229-0cb562a13775?crop=entropy&cs=tinysrgb&fit=max&fm=jpg&ixid=M3w2NjYxNzV8MHwxfHNlYXJjaHwxfHxOYXRpb25hbCUyMEdhbGxlcnklMjBvZiUyME1vZGVybiUyMEFydHxlbnwwfHx8fDE3MjkyNDQyODV8MA&ixlib=rb-4.0.3&q=80&w=400,4
Northern,Delhi,Delhi,National Zoological Park ,4.1,Environmental,1959,All,https://images.unsplash.com/photo-1510549086801-abcb351c6300?crop=entropy&cs=tinysrgb&fit=max&fm=jpg&ixid=M3w2NjYxNzV8MHwxfHNlYXJjaHwxfHxOYXRpb25hbCUyMFpvb2xvZ2ljYWwlMjBQYXJrJTIwfGVufDB8fHx8MTcyOTI0NDI4Nnww&ixlib=rb-4.0.3&q=80&w=400,4
Northern,Delhi,Delhi,Qutub Minar,4.5,Historical,1192,Afternoon,https://images.unsplash.com/photo-1686294137296-9f8a37300dfd?crop=entropy&cs=tinysrgb&fit=max&fm=jpg&ixid=M3w2NjYxNzV8MHwxfHNlYXJjaHwxfHxRdXR1YiUyME1pbmFyfGVufDB8fHx8MTcyOTI0NDI4Nnww&ixlib=rb-4.0.3&q=80&w=400,4
Northern,Delhi,Delhi,National Science Centre,4.4,Scientific,1992,All,https://images.unsplash.com/photo-1486825586573-7131f7991bdd?crop=entropy&cs=tinysrgb&fit=max&fm=jpg&ixid=M3w2NjYxNzV8MHwxfHNlYXJjaHwxfHxOYXRpb25hbCUyMFNjaWVuY2UlMjBDZW50cmV8ZW58MHx8fHwxNzI5MjQ0Mjg3fDA&ixlib=rb-4.0.3&q=80&w=400,4
Western,Maharastra,Mumbai,Marine Drive,4.5,Scenic,Unknown,Evening,https://images.unsplash.com/photo-1550235438-aa60f4d77517?crop=entropy&cs=tinysrgb&fit=max&fm=jpg&ixid=M3w2NjYxNzV8MHwxfHNlYXJjaHwxfHxNYXJpbmUlMjBEcml2ZXxlbnwwfHx8fDE3MjkyNDQyODd8MA&ixlib=rb-4.0.3&q=80&w=400,5
Western,Maharastra,Mumbai,Gateway of India,4.6,Historical,1924,All,https://images.unsplash.com/photo-1558459393-10295ef6e62a?crop=entropy&cs=tinysrgb&fit=max&fm=jpg&ixid=M3w2NjYxNzV8MHwxfHNlYXJjaHwxfHxHYXRld2F5JTIwb2YlMjBJbmRpYXxlbnwwfHx8fDE3MjkyNDQyODh8MA&ixlib=rb-4.0.3&q=80&w=400,3
Western,Maharastra,Mumbai,Chhatrapati Shivaji Maharaj Vastu Sangrahalaya,4.6,Historical,1922,All,https://images.unsplash.com/photo-1703165414683-2ea7dc989d5a?crop=entropy&cs=tinysrgb&fit=max&fm=jpg&ixid=M3w2NjYxNzV8MHwxfHNlYXJjaHwxfHxDaGhhdHJhcGF0aSUyMFNoaXZhamklMjBNYWhhcmFqJTIwVmFzdHUlMjBTYW5ncmFoYWxheWF8ZW58MHx8fHwxNzI5MjQ0Mjg5fDA&ixlib=rb-4.0.3&q=80&w=400,3
Western,Maharastra,Mumbai,Sanjay Gandhi National Park,4.3,Wildlife,1996,All,https://images.unsplash.com/photo-1665844830397-9f53a1839b10?crop=entropy&cs=tinysrgb&fit=max&fm=jpg&ixid=M3w2NjYxNzV8MHwxfHNlYXJjaHwxfHxTYW5qYXklMjBHYW5kaGklMjBOYXRpb25hbCUyMFBhcmt8ZW58MHx8fHwxNzI5MjQ0MjkwfDA&ixlib=rb-4.0.3&q=80&w=400,3
Western,Maharastra,Mumbai,Siddhivinayak Temple,4.8,Religious,1881,All,https://images.unsplash.com/photo-1601208443688-c71856b84610?crop=entropy&cs=tinysrgb&fit=max&fm=jpg&ixid=M3w2NjYxNzV8MHwxfHNlYXJjaHwxfHxTaWRkaGl2aW5heWFrJTIwVGVtcGxlfGVufDB8fHx8MTcyOTI0NDI5MHww&ixlib=rb-4.0.3&q=80&w=400,1
Western,Maharastra,Mumbai,Mahalaxmi Temple,4.7,Religious,1831,All,https://images.unsplash.com/photo-1601208443688-c71856b84610?crop=entropy&cs=tinysrgb&fit=max&fm=jpg&ixid=M3w2NjYxNzV8MHwxfHNlYXJjaHwxfHxNYWhhbGF4bWklMjBUZW1wbGV8ZW58MHx8fHwxNzI5MjQ0MjkxfDA&ixlib=rb-4.0.3&q=80&w=400,1
Western,Maharastra,Mumbai,Haji Ali Dargah,4.4,Religious,1431,All,https://images.unsplash.com/photo-1587842501012-1bf5cca58a40?crop=entropy&cs=tinysrgb&fit=max&fm=jpg&ixid=M3w2NjYxNzV8MHwxfHNlYXJjaHwxfHxIYWppJTIwQWxpJTIwRGFyZ2FofGVufDB8fHx8MTcyOTI0NDI5Mnww&ixlib=rb-4.0.3&q=80&w=400,1
Western,Maharastra,Mumbai,Chowpatty Beach,4.3,Recreational,Unknown,Evening,https://images.unsplash.com/photo-1581748931384-5e611fdefb8d?crop=entropy&cs=tinysrgb&fit=max&fm=jpg&ixid=M3w2NjYxNzV8MHwxfHNlYXJjaHwxfHxDaG93cGF0dHklMjBCZWFjaHxlbnwwfHx8fDE3MjkyNDQyOTJ8MA&ixlib=rb-4.0.3&q=80&w=400,5
Western,Maharastra,Mumbai,Essel World,4.3,Recreational,1986,All,https://images.unsplash.com/photo-1476304884326-cd2c88572c5f?crop=entropy&cs=tinysrgb&fit=max&fm=jpg&ixid=M3w2NjYxNzV8MHwxfHNlYXJjaHwxfHxFc3NlbCUyMFdvcmxkfGVufDB8fHx8MTcyOTI0NDI5M3ww&ixlib=rb-4.0.3&q=80&w=400,3
Western,Maharastra,Mumbai,Elephanta Caves,4.3,Historical,1987,All ,https://images.unsplash.com/photo-1619951068574-b3bbe7a07426?crop=entropy&cs=tinysrgb&fit=max&fm=jpg&ixid=M3w2NjYxNzV8MHwxfHNlYXJjaHwxfHxFbGVwaGFudGElMjBDYXZlc3xlbnwwfHx8fDE3MjkyNDQyOTR8MA&ixlib=rb-4.0.3&q=80&w=400,2
Western,Maharastra,Lonavala,Imagicaa,1.4,Recreational,2013,All,https://images.unsplash.com/photo-1723524993962-0234edebe0cf?crop=entropy&cs=tinysrgb&fit=max&fm=jpg&ixid=M3w2NjYxNzV8MHwxfHNlYXJjaHwxfHxJbWFnaWNhYXxlbnwwfHx8fDE3MjkyNDQyOTV8MA&ixlib=rb-4.0.3&q=80&w=400,3
Southern,Karnataka,Bangalore,Bangalore Palace,4.2,Historical,1878,Morning,https://images.unsplash.com/photo-1672828792610-c336e7db6646?crop=entropy&cs=tinysrgb&fit=max&fm=jpg&ixid=M3w2NjYxNzV8MHwxfHNlYXJjaHwxfHxCYW5nYWxvcmUlMjBQYWxhY2V8ZW58MHx8fHwxNzI5MjQ0Mjk1fDA&ixlib=rb-4.0.3&q=80&w=400,0
Southern,Karnataka,Bangalore,Lalbagh Botanical Garden,4.4,Nature,1760,Evening,https://images.unsplash.com/photo-1663062542918-b705c09efff1?crop=entropy&cs=tinysrgb&fit=max&fm=jpg&ixid=M3w2NjYxNzV8MHwxfHNlYXJjaHwxfHxMYWxiYWdoJTIwQm90YW5pY2FsJTIwR2FyZGVufGVufDB8fHx8MTcyOTI0NDI5Nnww&ixlib=rb-4.0.3&q=80&w=400,5
Southern,Karnataka,Bangalore,Cubbon Park,4.4,Nature,1870,Morning,https://images.unsplash.com/photo-1648994176530-f2821a75e45a?crop=entropy&cs=tinysrgb&fit=max&fm=jpg&ixid=M3w2NjYxNzV8MHwxfHNlYXJjaHwxfHxDdWJib24lMjBQYXJrfGVufDB8fHx8MTcyOTI0NDI5N3ww&ixlib=rb-4.0.3&q=80&w=400,0
Southern,Karnataka,Bangalore,Vidhana Soudha,4.6,Architectural,1956,Morning,https://images.unsplash.com/photo-1675589412450-571c4a5afe6e?crop=entropy&cs=tinysrgb&fit=max&fm=jpg&ixid=M3w2NjYxNzV8MHwxfHNlYXJjaHwxfHxWaWRoYW5hJTIwU291ZGhhfGVufDB8fHx8MTcyOTI0NDI5OHww&ixlib=rb-4.0.3&q=80&w=400,0
Southern,Karnataka,Bangalore,ISKCON Temple Bangalore,4.6,Religious,1997,Evening,https://images.unsplash.com/photo-1701172188718-35894ba655ee?crop=entropy&cs=tinysrgb&fit=max&fm=jpg&ixid=M3w2NjYxNzV8MHwxfHNlYXJjaHwxfHxJU0tDT04lMjBUZW1wbGUlMjBCYW5nYWxvcmV8ZW58MHx8fHwxNzI5MjQ0Mjk4fDA&ixlib=rb-4.0.3&q=80&w=400,5
Southern,Telangana,Hyderabad,Charminar,4.5,Historical,1591,Morning,https://images.unsplash.com/photo-1671358914441-dacc4f1f7dd6?crop=entropy&cs=tinysrgb&fit=max&fm=jpg&ixid=M3w2NjYxNzV8MHwxfHNlYXJjaHwxfHxDaGFybWluYXJ8ZW58MHx8fHwxNzI5MjQ0Mjk5fDA&ixlib=rb-4.0.3&q=80&w=400,0
Southern,Telangana,Hyderabad,Golconda Fort,4.4,Historical,1600,Morning,https://images.unsplash.com/photo-1640718824443-a5f3b1d29e98?crop=entropy&cs=tinysrgb&fit=max&fm=jpg&ixid=M3w2NjYxNzV8MHwxfHNlYXJjaHwxfHxHb2xjb25kYSUyMEZvcnR8ZW58MHx8fHwxNzI5MjQ0MzAwfDA&ixlib=rb-4.0.3&q=80&w=400,0
Southern,Telangana,Hyderabad,Hussain Sagar Lake,4.3,Scenic,1563,Evening,https://images.unsplash.com/photo-1439066290691-510066268af5?crop=entropy&cs=tinysrgb&fit=max&fm=jpg&ixid=M3w2NjYxNzV8MHwxfHNlYXJjaHwxfHxIdXNzYWluJTIwU2FnYXIlMjBMYWtlfGVufDB8fHx8MTcyOTI0NDMwMHww&ixlib=rb-4.0.3&q=80&w=400,5
Southern,Telangana,Hyderabad,Ramoji Film City,4.4,Entertainment,1996,All,https://images.unsplash.com/photo-1598610339755-6e4e24737a27?crop=entropy&cs=tinysrgb&fit=max&fm=jpg&ixid=M3w2NjYxNzV8MHwxfHNlYXJjaHwxfHxSYW1vamklMjBGaWxtJTIwQ2l0eXxlbnwwfHx8fDE3MjkyNDQzMDJ8MA&ixlib=rb-4.0.3&q=80&w=400,3
Southern,Telangana,Hyderabad,Salar Jung Museum,4.4,Historical,1951,All,https://images.unsplash.com/photo-1711173734852-464d8cc5d708?crop=entropy&cs=tinysrgb&fit=max&fm=jpg&ixid=M3w2NjYxNzV8MHwxfHNlYXJjaHwxfHxTYWxhciUyMEp1bmclMjBNdXNldW18ZW58MHx8fHwxNzI5MjQ0MzAyfDA&ixlib=rb-4.0.3&q=80&w=400,3
Southern,Telangana,Hyderabad,Qutb Shahi Tombs,4.4,Historical,1600,Morning,https://images.unsplash.com/photo-1664897945290-31466ec8b9b8?crop=entropy&cs=tinysrgb&fit=max&fm=jpg&ixid=M3w2NjYxNzV8MHwxfHNlYXJjaHwxfHxRdXRiJTIwU2hhaGklMjBUb21ic3xlbnwwfHx8fDE3MjkyNDQzMDN8MA&ixlib=rb-4.0.3&q=80&w=400,0
Southern,Telangana,Hyderabad,Birla Mandir,4.7,Religious,1976,All,https://images.unsplash.com/photo-1695351627748-36b5600f8570?crop=entropy&cs=tinysrgb&fit=max&fm=jpg&ixid=M3w2NjYxNzV8MHwxfHNlYXJjaHwxfHxCaXJsYSUyME1hbmRpcnxlbnwwfHx8fDE3MjkyNDQzMDR8MA&ixlib=rb-4.0.3&q=80&w=400,1
Southern,Telangana,Hyderabad,Chowmahalla Palace,4.4,Historical,1800,Morning,https://images.unsplash.com/photo-1692964808433-a7f9554c3f24?crop=entropy&cs=tinysrgb&fit=max&fm=jpg&ixid=M3w2NjYxNzV8MHwxfHNlYXJjaHwxfHxDaG93bWFoYWxsYSUyMFBhbGFjZXxlbnwwfHx8fDE3MjkyNDQzMDR8MA&ixlib=rb-4.0.3&q=80&w=400,0
Southern,Telangana,Hyderabad,Nehru Zoological Park,4.2,Wildlife,1963,Morning,https://images.unsplash.com/photo-1711183519853-e3efc39d3af7?crop=entropy&cs=tinysrgb&fit=max&fm=jpg&ixid=M3w2NjYxNzV8MHwxfHNlYXJjaHwxfHxOZWhydSUyMFpvb2xvZ2ljYWwlMjBQYXJrfGVufDB8fHx8MTcyOTI0NDMwNXww&ixlib=rb-4.0.3&q=80&w=400,0
Southern,Telangana,Hyderabad,Lumbini Park,4.1,Recreational,1994,Evening,https://images.unsplash.com/photo-1706187243907-20b4a3944a41?crop=entropy&cs=tinysrgb&fit=max&fm=jpg&ixid=M3w2NjYxNzV8MHwxfHNlYXJjaHwxfHxMdW1iaW5pJTIwUGFya3xlbnwwfHx8fDE3MjkyNDQzMDZ8MA&ixlib=rb-4.0.3&q=80&w=400,5
Eastern,West Bengal,Kolkata,Victoria Memorial,4.6,Historical,1921,Morning,https://images.unsplash.com/photo-1720253919910-1571c2b93ad7?crop=entropy&cs=tinysrgb&fit=max&fm=jpg&ixid=M3w2NjYxNzV8MHwxfHNlYXJjaHwxfHxWaWN0b3JpYSUyME1lbW9yaWFsfGVufDB8fHx8MTcyOTI0NDMwN3ww&ixlib=rb-4.0.3&q=80&w=400,2
Eastern,West Bengal,Kolkata,Howrah Bridge,4.6,Architectural,1943,Anytime,https://images.unsplash.com/photo-1536421469767-80559bb6f5e1?crop=entropy&cs=tinysrgb&fit=max&fm=jpg&ixid=M3w2NjYxNzV8MHwxfHNlYXJjaHwxfHxIb3dyYWglMjBCcmlkZ2V8ZW58MHx8fHwxNzI5MjQ0MzA3fDA&ixlib=rb-4.0.3&q=80&w=400,2
Eastern,West Bengal,Kolkata,Indian Museum,4.6,Historical,1814,Morning,https://images.unsplash.com/photo-1655389819956-ac832bfb6795?crop=entropy&cs=tinysrgb&fit=max&fm=jpg&ixid=M3w2NjYxNzV8MHwxfHNlYXJjaHwxfHxJbmRpYW4lMjBNdXNldW18ZW58MHx8fHwxNzI5MjQ0MzA4fDA&ixlib=rb-4.0.3&q=80&w=400,2
Eastern,West Bengal,Kolkata,Dakshineswar Kali Temple,4.7,Religious,1855,Morning,https://images.unsplash.com/photo-1677397333707-7b833006983d?crop=entropy&cs=tinysrgb&fit=max&fm=jpg&ixid=M3w2NjYxNzV8MHwxfHNlYXJjaHwxfHxEYWtzaGluZXN3YXIlMjBLYWxpJTIwVGVtcGxlfGVufDB8fHx8MTcyOTI0NDMwOXww&ixlib=rb-4.0.3&q=80&w=400,0
Eastern,West Bengal,Kolkata,Kalighat Kali Temple,4.4,Religious,1809,Morning,https://images.unsplash.com/photo-1601208443688-c71856b84610?crop=entropy&cs=tinysrgb&fit=max&fm=jpg&ixid=M3w2NjYxNzV8MHwxfHNlYXJjaHwxfHxLYWxpZ2hhdCUyMEthbGklMjBUZW1wbGV8ZW58MHx8fHwxNzI5MjQ0MzEwfDA&ixlib=rb-4.0.3&q=80&w=400,0
Eastern,West Bengal,Kolkata,Eden Gardens,4.1,Sports,1864,All,https://images.unsplash.com/photo-1682066502781-945be92dfdb7?crop=entropy&cs=tinysrgb&fit=max&fm=jpg&ixid=M3w2NjYxNzV8MHwxfHNlYXJjaHwxfHxFZGVuJTIwR2FyZGVuc3xlbnwwfHx8fDE3MjkyNDQzMTB8MA&ixlib=rb-4.0.3&q=80&w=400,3
Eastern,West Bengal,Kolkata,Alipore Zoological Gardens,4.3,Wildlife,1876,Afternoon,https://images.unsplash.com/photo-1670817375677-f6054ebb9f0d?crop=entropy&cs=tinysrgb&fit=max&fm=jpg&ixid=M3w2NjYxNzV8MHwxfHNlYXJjaHwxfHxBbGlwb3JlJTIwWm9vbG9naWNhbCUyMEdhcmRlbnN8ZW58MHx8fHwxNzI5MjQ0MzExfDA&ixlib=rb-4.0.3&q=80&w=400,2
Eastern,West Bengal,Kolkata,Science City Kolkata,4.4,Educational,1997,All,https://images.unsplash.com/photo-1477959858617-67f85cf4f1df?crop=entropy&cs=tinysrgb&fit=max&fm=jpg&ixid=M3w2NjYxNzV8MHwxfHNlYXJjaHwxfHxTY2llbmNlJTIwQ2l0eSUyMEtvbGthdGF8ZW58MHx8fHwxNzI5MjQ0MzEyfDA&ixlib=rb-4.0.3&q=80&w=400,3
Eastern,West Bengal,Kolkata,Belur Math,4.7,Religious,1898,Morning,https://images.unsplash.com/photo-1677219100015-f9184f7486c5?crop=entropy&cs=tinysrgb&fit=max&fm=jpg&ixid=M3w2NjYxNzV8MHwxfHNlYXJjaHwxfHxCZWx1ciUyME1hdGh8ZW58MHx8fHwxNzI5MjQ1NzU1fDA&ixlib=rb-4.0.3&q=80&w=400,0
Eastern,West Bengal,Kolkata,Marble Palace,4.4,Historical,1835,Afternoon,https://images.unsplash.com/photo-1724650965526-4ab37c60a3f9?crop=entropy&cs=tinysrgb&fit=max&fm=jpg&ixid=M3w2NjYxNzV8MHwxfHNlYXJjaHwxfHxNYXJibGUlMjBQYWxhY2V8ZW58MHx8fHwxNzI5MjQ1NzU5fDA&ixlib=rb-4.0.3&q=80&w=400,2
Southern,Goa,Goa,Calangute Beach,4.4,Scenic,Unknown,Evening,https://images.unsplash.com/photo-1560316644-03813d2504d6?crop=entropy&cs=tinysrgb&fit=max&fm=jpg&ixid=M3w2NjYxNzV8MHwxfHNlYXJjaHwxfHxDYWxhbmd1dGUlMjBCZWFjaHxlbnwwfHx8fDE3MjkyNDU3NjN8MA&ixlib=rb-4.0.3&q=80&w=400,5
Southern,Goa,Goa,Basilica of Bom Jesus,4.5,Historical,1605,Afternoon,https://images.unsplash.com/photo-1685423142584-8054c84450bd?crop=entropy&cs=tinysrgb&fit=max&fm=jpg&ixid=M3w2NjYxNzV8MHwxfHNlYXJjaHwxfHxCYXNpbGljYSUyMG9mJTIwQm9tJTIwSmVzdXN8ZW58MHx8fHwxNzI5MjQ1NzY3fDA&ixlib=rb-4.0.3&q=80&w=400,5
Southern,Goa,Goa,Fort Aguada,4.2,Historical,1612,Morning,https://images.unsplash.com/photo-1727202132811-056a2bae5512?crop=entropy&cs=tinysrgb&fit=max&fm=jpg&ixid=M3w2NjYxNzV8MHwxfHNlYXJjaHwxfHxGb3J0JTIwQWd1YWRhfGVufDB8fHx8MTcyOTI0NTc3MXww&ixlib=rb-4.0.3&q=80&w=400,0
Southern,Goa,Goa,Dudhsagar Falls,4.6,Nature,Unknown,Afternoon,https://images.unsplash.com/photo-1685858874777-b87106319be7?crop=entropy&cs=tinysrgb&fit=max&fm=jpg&ixid=M3w2NjYxNzV8MHwxfHNlYXJjaHwxfHxEdWRoc2FnYXIlMjBGYWxsc3xlbnwwfHx8fDE3MjkyNDU3NzV8MA&ixlib=rb-4.0.3&q=80&w=400,5
Southern,Goa,Goa,Anjuna Beach,4.4,Scenic,Unknown,Evening,https://images.unsplash.com/photo-1575747687077-b7a4bb468f65?crop=entropy&cs=tinysrgb&fit=max&fm=jpg&ixid=M3w2NjYxNzV8MHwxfHNlYXJjaHwxfHxBbmp1bmElMjBCZWFjaHxlbnwwfHx8fDE3MjkyNDU3Nzl8MA&ixlib=rb-4.0.3&q=80&w=400,5
Southern,Goa,Goa,Chapora Fort,4.2,Historical,1617,Evening,https://images.unsplash.com/photo-1642516864457-ef3dcfa02d3a?crop=entropy&cs=tinysrgb&fit=max&fm=jpg&ixid=M3w2NjYxNzV8MHwxfHNlYXJjaHwxfHxDaGFwb3JhJTIwRm9ydHxlbnwwfHx8fDE3MjkyNDU3ODN8MA&ixlib=rb-4.0.3&q=80&w=400,5
Southern,Goa,Goa,Se Cathedral,4.5,Historical,1640,Afternoon,https://images.unsplash.com/photo-1560887665-8a8ab31bc954?crop=entropy&cs=tinysrgb&fit=max&fm=jpg&ixid=M3w2NjYxNzV8MHwxfHNlYXJjaHwxfHxTZSUyMENhdGhlZHJhbHxlbnwwfHx8fDE3MjkyNDU3ODZ8MA&ixlib=rb-4.0.3&q=80&w=400,5
Southern,Goa,Goa,Baga Beach,4.5,Scenic,Unknown,Evening,https://images.unsplash.com/photo-1593620529462-619501b0f7f1?crop=entropy&cs=tinysrgb&fit=max&fm=jpg&ixid=M3w2NjYxNzV8MHwxfHNlYXJjaHwxfHxCYWdhJTIwQmVhY2h8ZW58MHx8fHwxNzI5MjQ1NzkwfDA&ixlib=rb-4.0.3&q=80&w=400,5
Southern,Goa,Goa,Arambol Beach,4.6,Scenic,Unknown,Evening,https://images.unsplash.com/photo-1523387282479-ae7166314e62?crop=entropy&cs=tinysrgb&fit=max&fm=jpg&ixid=M3w2NjYxNzV8MHwxfHNlYXJjaHwxfHxBcmFtYm9sJTIwQmVhY2h8ZW58MHx8fHwxNzI5MjQ1Nzk0fDA&ixlib=rb-4.0.3&q=80&w=400,5
Southern,Goa,Goa,Palolem Beach,4.6,Scenic,Unknown,Evening,https://images.unsplash.com/photo-1727193120023-12c48606b803?crop=entropy&cs=tinysrgb&fit=max&fm=jpg&ixid=M3w2NjYxNzV8MHwxfHNlYXJjaHwxfHxQYWxvbGVtJTIwQmVhY2h8ZW58MHx8fHwxNzI5MjQ1Nzk4fDA&ixlib=rb-4.0.3&q=80&w=400,5
Southern,Goa,Goa,Colva Beach,4.3,Scenic,Unknown,Evening,https://images.unsplash.com/photo-1584111729872-f7013659ae8b?crop=entropy&cs=tinysrgb&fit=max&fm=jpg&ixid=M3w2NjYxNzV8MHwxfHNlYXJjaHwxfHxDb2x2YSUyMEJlYWNofGVufDB8fHx8MTcyOTI0NTgwMnww&ixlib=rb-4.0.3&q=80&w=400,5
Southern,Goa,Goa,Miramar Beach,4.2,Scenic,Unknown,Evening,https://images.unsplash.com/photo-1647797013933-c53ac86cb997?crop=entropy&cs=tinysrgb&fit=max&fm=jpg&ixid=M3w2NjYxNzV8MHwxfHNlYXJjaHwxfHxNaXJhbWFyJTIwQmVhY2h8ZW58MHx8fHwxNzI5MjQ1ODA2fDA&ixlib=rb-4.0.3&q=80&w=400,5
Southern,Goa,Goa,Aguada Beach,4.5,Scenic,Unknown,Evening,https://images.unsplash.com/photo-1584111728495-7d9599602355?crop=entropy&cs=tinysrgb&fit=max&fm=jpg&ixid=M3w2NjYxNzV8MHwxfHNlYXJjaHwxfHxBZ3VhZGElMjBCZWFjaHxlbnwwfHx8fDE3MjkyNDU4MTB8MA&ixlib=rb-4.0.3&q=80&w=400,5
Southern,Goa,Goa,Dr. Salim Ali Bird Santuary,3.9,Wildlife,1988,Afternoon,https://images.unsplash.com/photo-1486365227551-f3f90034a57c?crop=entropy&cs=tinysrgb&fit=max&fm=jpg&ixid=M3w2NjYxNzV8MHwxfHNlYXJjaHwxfHxEci4lMjBTYWxpbSUyMEFsaSUyMEJpcmQlMjBTYW50dWFyeXxlbnwwfHx8fDE3MjkyNDU4MTV8MA&ixlib=rb-4.0.3&q=80&w=400,5
Western,Gujarat,Ahmedabad,Sabarmati Ashram,4.6,Historical,1915,Morning,https://images.unsplash.com/photo-1624903715289-fc6554439cac?crop=entropy&cs=tinysrgb&fit=max&fm=jpg&ixid=M3w2NjYxNzV8MHwxfHNlYXJjaHwxfHxTYWJhcm1hdGklMjBBc2hyYW18ZW58MHx8fHwxNzI5MjQ1ODE5fDA&ixlib=rb-4.0.3&q=80&w=400,0
Western,Gujarat,Dwarka,Dwarkadhish Temple,4.7,Religious,-400,Evening,https://images.unsplash.com/photo-1601208443688-c71856b84610?crop=entropy&cs=tinysrgb&fit=max&fm=jpg&ixid=M3w2NjYxNzV8MHwxfHNlYXJjaHwxfHxEd2Fya2FkaGlzaCUyMFRlbXBsZXxlbnwwfHx8fDE3MjkyNDU4MjJ8MA&ixlib=rb-4.0.3&q=80&w=400,5
Western,Gujarat,Junagadh,Gir National Park,4.5,Wildlife,1965,Morning,https://images.unsplash.com/photo-1624951714070-74a95c1f6959?crop=entropy&cs=tinysrgb&fit=max&fm=jpg&ixid=M3w2NjYxNzV8MHwxfHNlYXJjaHwxfHxHaXIlMjBOYXRpb25hbCUyMFBhcmt8ZW58MHx8fHwxNzI5MjQ1ODMwfDA&ixlib=rb-4.0.3&q=80&w=400,0
Western,Gujarat,Bhuj,White Desert,4.6,Nature,1950,Evening,https://images.unsplash.com/photo-1493382051629-7eb03ec93ea2?crop=entropy&cs=tinysrgb&fit=max&fm=jpg&ixid=M3w2NjYxNzV8MHwxfHNlYXJjaHwxfHxXaGl0ZSUyMERlc2VydHxlbnwwfHx8fDE3MjkyNDU4MzR8MA&ixlib=rb-4.0.3&q=80&w=400,5
Western,Gujarat,Vadodara,Laxmi Vilas Palace,4.4,Historical,1890,Afternoon,https://images.unsplash.com/photo-1677648626156-acad341ce207?crop=entropy&cs=tinysrgb&fit=max&fm=jpg&ixid=M3w2NjYxNzV8MHwxfHNlYXJjaHwxfHxMYXhtaSUyMFZpbGFzJTIwUGFsYWNlfGVufDB8fHx8MTcyOTI0NTgzOHww&ixlib=rb-4.0.3&q=80&w=400,2
Western,Gujarat,Somnath,Somnath Temple,4.8,Religious,1951,Morning,https://images.unsplash.com/photo-1722109638073-48a26e6a16af?crop=entropy&cs=tinysrgb&fit=max&fm=jpg&ixid=M3w2NjYxNzV8MHwxfHNlYXJjaHwxfHxTb21uYXRoJTIwVGVtcGxlfGVufDB8fHx8MTcyOTI0NTg0Mnww&ixlib=rb-4.0.3&q=80&w=400,0
Western,Gujarat,Rann of Kutch,Rann Utsav,4.9,Cultural,Unknown,Evening,https://images.unsplash.com/photo-1670688599212-737088d7bbd5?crop=entropy&cs=tinysrgb&fit=max&fm=jpg&ixid=M3w2NjYxNzV8MHwxfHNlYXJjaHwxfHxSYW5uJTIwVXRzYXZ8ZW58MHx8fHwxNzI5MjQ1ODQ2fDA&ixlib=rb-4.0.3&q=80&w=400,5
Western,Gujarat,Kevadia,Statue of Unity,4.6,Historical,2018,All,https://images.unsplash.com/photo-1621859294461-2e6e4bf0e689?crop=entropy&cs=tinysrgb&fit=max&fm=jpg&ixid=M3w2NjYxNzV8MHwxfHNlYXJjaHwxfHxTdGF0dWUlMjBvZiUyMFVuaXR5fGVufDB8fHx8MTcyOTI0NTg1MHww&ixlib=rb-4.0.3&q=80&w=400,3
Western,Gujarat,Gandhinagar,Dandi Kutir,4.5,Historical,2013,All,https://images.unsplash.com/photo-1664600505813-d735ef97e97e?crop=entropy&cs=tinysrgb&fit=max&fm=jpg&ixid=M3w2NjYxNzV8MHwxfHNlYXJjaHwxfHxEYW5kaSUyMEt1dGlyfGVufDB8fHx8MTcyOTI0NTg1NHww&ixlib=rb-4.0.3&q=80&w=400,3
Western,Gujarat,Ahmedabad,Sabarmati Riverfront,4.6,Recreational,2012,Evening,https://images.unsplash.com/photo-1708586608610-d824c2f612bb?crop=entropy&cs=tinysrgb&fit=max&fm=jpg&ixid=M3w2NjYxNzV8MHwxfHNlYXJjaHwxfHxTYWJhcm1hdGklMjBSaXZlcmZyb250fGVufDB8fHx8MTcyOTI0NTg1N3ww&ixlib=rb-4.0.3&q=80&w=400,5
Western,Gujarat,Ahmedabad,Manek Chowk,4.4,Food,Unknown,Night,https://images.unsplash.com/photo-1714498104118-09afc35579f4?crop=entropy&cs=tinysrgb&fit=max&fm=jpg&ixid=M3w2NjYxNzV8MHwxfHNlYXJjaHwxfHxNYW5layUyMENob3drfGVufDB8fHx8MTcyOTI0NTg2MXww&ixlib=rb-4.0.3&q=80&w=400,2
Western,Gujarat,Ahmedabad,Kankaria Lake,4.5,Recreational,1451,Afternoon,https://images.unsplash.com/photo-1596201403089-d6cb29543f22?crop=entropy&cs=tinysrgb&fit=max&fm=jpg&ixid=M3w2NjYxNzV8MHwxfHNlYXJjaHwxfHxLYW5rYXJpYSUyMExha2V8ZW58MHx8fHwxNzI5MjQ1ODY1fDA&ixlib=rb-4.0.3&q=80&w=400,2
Western,Gujarat,Ahmedabad,Science City,4.4,Educational,2002,All,https://images.unsplash.com/photo-1670740309515-39d7628770f1?crop=entropy&cs=tinysrgb&fit=max&fm=jpg&ixid=M3w2NjYxNzV8MHwxfHNlYXJjaHwxfHxTY2llbmNlJTIwQ2l0eXxlbnwwfHx8fDE3MjkyNDU4Njl8MA&ixlib=rb-4.0.3&q=80&w=400,3
Northern,Rajasthan,Jaipur,Hawa Mahal,4.4,Architectural,1799,Morning,https://images.unsplash.com/photo-1705861145876-2efd5e0392a5?crop=entropy&cs=tinysrgb&fit=max&fm=jpg&ixid=M3w2NjYxNzV8MHwxfHNlYXJjaHwxfHxIYXdhJTIwTWFoYWx8ZW58MHx8fHwxNzI5MjQ1ODczfDA&ixlib=rb-4.0.3&q=80&w=400,0
Northern,Rajasthan,Udaipur,City Palace,4.4,Historical,1559,All,https://images.unsplash.com/photo-1715405155995-61757307e065?crop=entropy&cs=tinysrgb&fit=max&fm=jpg&ixid=M3w2NjYxNzV8MHwxfHNlYXJjaHwxfHxDaXR5JTIwUGFsYWNlfGVufDB8fHx8MTcyOTI0NTg3OHww&ixlib=rb-4.0.3&q=80&w=400,3
Northern,Rajasthan,Jaisalmer,Jaisalmer Fort,4.4,Historical,1156,All,https://images.unsplash.com/photo-1677251485396-2521e67eede1?crop=entropy&cs=tinysrgb&fit=max&fm=jpg&ixid=M3w2NjYxNzV8MHwxfHNlYXJjaHwxfHxKYWlzYWxtZXIlMjBGb3J0fGVufDB8fHx8MTcyOTI0NTg4Mnww&ixlib=rb-4.0.3&q=80&w=400,3
Northern,Rajasthan,Sawai Madhopur,Ranthambore National Park,4.6,Wildlife,1980,All,https://images.unsplash.com/photo-1565970112373-9d89e93618f9?crop=entropy&cs=tinysrgb&fit=max&fm=jpg&ixid=M3w2NjYxNzV8MHwxfHNlYXJjaHwxfHxSYW50aGFtYm9yZSUyME5hdGlvbmFsJTIwUGFya3xlbnwwfHx8fDE3MjkyNDU4ODZ8MA&ixlib=rb-4.0.3&q=80&w=400,3
Northern,Rajasthan,Pushkar,Pushkar Lake,4.4,Religious,1400,All,https://images.unsplash.com/photo-1714455159641-00277fe9a2a8?crop=entropy&cs=tinysrgb&fit=max&fm=jpg&ixid=M3w2NjYxNzV8MHwxfHNlYXJjaHwxfHxQdXNoa2FyJTIwTGFrZXxlbnwwfHx8fDE3MjkyNDU4OTB8MA&ixlib=rb-4.0.3&q=80&w=400,1
Northern,Rajasthan,Ajmer,Ajmer Sharif Dargah,4.6,Religious,1236,All,https://images.unsplash.com/photo-1727448399534-bafb8806db50?crop=entropy&cs=tinysrgb&fit=max&fm=jpg&ixid=M3w2NjYxNzV8MHwxfHNlYXJjaHwxfHxBam1lciUyMFNoYXJpZiUyMERhcmdhaHxlbnwwfHx8fDE3MjkyNDU4OTR8MA&ixlib=rb-4.0.3&q=80&w=400,1
Northern,Rajasthan,Jodhpur,Mehrangarh Fort,4.6,Historical,1459,All,https://images.unsplash.com/photo-1714893520131-4fb6dd335e83?crop=entropy&cs=tinysrgb&fit=max&fm=jpg&ixid=M3w2NjYxNzV8MHwxfHNlYXJjaHwxfHxNZWhyYW5nYXJoJTIwRm9ydHxlbnwwfHx8fDE3MjkyNDU4OTh8MA&ixlib=rb-4.0.3&q=80&w=400,3
Northern,Rajasthan,Chittorgarh,Chittorgarh Fort,4.6,Historical,700,All,https://images.unsplash.com/photo-1717329162563-2f93e83cc717?crop=entropy&cs=tinysrgb&fit=max&fm=jpg&ixid=M3w2NjYxNzV8MHwxfHNlYXJjaHwxfHxDaGl0dG9yZ2FyaCUyMEZvcnR8ZW58MHx8fHwxNzI5MjQ1OTAyfDA&ixlib=rb-4.0.3&q=80&w=400,3
Northern,Rajasthan,Mount Abu,Dilwara Temples,4.6,Religious,1100,All,https://images.unsplash.com/photo-1658730510499-8c8e84f4db38?crop=entropy&cs=tinysrgb&fit=max&fm=jpg&ixid=M3w2NjYxNzV8MHwxfHNlYXJjaHwxfHxEaWx3YXJhJTIwVGVtcGxlc3xlbnwwfHx8fDE3MjkyNDU5MDZ8MA&ixlib=rb-4.0.3&q=80&w=400,1
Northern,Rajasthan,Bikaner,Junagarh Fort,4.5,Historical,1589,All,https://images.unsplash.com/photo-1705042431287-69207fbb4029?crop=entropy&cs=tinysrgb&fit=max&fm=jpg&ixid=M3w2NjYxNzV8MHwxfHNlYXJjaHwxfHxKdW5hZ2FyaCUyMEZvcnR8ZW58MHx8fHwxNzI5MjQ1OTEwfDA&ixlib=rb-4.0.3&q=80&w=400,3
Northern,Rajasthan,Jaipur,Amber Fort,4.6,Historical,1592,All,https://images.unsplash.com/photo-1682321136734-8cc95d0912be?crop=entropy&cs=tinysrgb&fit=max&fm=jpg&ixid=M3w2NjYxNzV8MHwxfHNlYXJjaHwxfHxBbWJlciUyMEZvcnR8ZW58MHx8fHwxNzI5MjQ1OTE0fDA&ixlib=rb-4.0.3&q=80&w=400,3
Northern,Rajasthan,Jaipur,Jaigarh Fort,4.5,Historical,1726,All,https://images.unsplash.com/photo-1516540351707-827ed0573410?crop=entropy&cs=tinysrgb&fit=max&fm=jpg&ixid=M3w2NjYxNzV8MHwxfHNlYXJjaHwxfHxKYWlnYXJoJTIwRm9ydHxlbnwwfHx8fDE3MjkyNDU5MTh8MA&ixlib=rb-4.0.3&q=80&w=400,3
Northern,Rajasthan,Udaipur,Lake Pichola,4.6,Nature,1362,All,https://images.unsplash.com/photo-1634720564985-5cf184d8eca9?crop=entropy&cs=tinysrgb&fit=max&fm=jpg&ixid=M3w2NjYxNzV8MHwxfHNlYXJjaHwxfHxMYWtlJTIwUGljaG9sYXxlbnwwfHx8fDE3MjkyNDU5MjJ8MA&ixlib=rb-4.0.3&q=80&w=400,3
Northern,Punjab,Amritsar,Golden Temple (Harmandir Sahib),4.9,Spiritual,1604,All,https://images.unsplash.com/photo-1662721176895-e41f0833eda2?q=80&w=2007&auto=format&fit=crop&ixlib=rb-4.0.3&ixid=M3wxMjA3fDB8MHxwaG90by1wYWdlfHx8fGVufDB8fHx8fA%3D%3D,3
Northern,Punjab,Amritsar,Jallianwala Bagh,4.8,Historical,1951,Afternoon,https://images.unsplash.com/photo-1592013079736-2408be506279?crop=entropy&cs=tinysrgb&fit=max&fm=jpg&ixid=M3w2NjYxNzV8MHwxfHNlYXJjaHwxfHxKYWxsaWFud2FsYSUyMEJhZ2h8ZW58MHx8fHwxNzI5MjQ1OTI5fDA&ixlib=rb-4.0.3&q=80&w=400,2
Northern,Punjab,Amritsar,Wagah Border,4.8,Cultural,1950,Evening,https://images.unsplash.com/photo-1598431416007-869a2a727f8b?crop=entropy&cs=tinysrgb&fit=max&fm=jpg&ixid=M3w2NjYxNzV8MHwxfHNlYXJjaHwxfHxXYWdhaCUyMEJvcmRlcnxlbnwwfHx8fDE3MjkyNDU5MzN8MA&ixlib=rb-4.0.3&q=80&w=400,5
Northern,Punjab,Chandigarh,Rock Garden,4.5,Artistic,1976,All,https://images.unsplash.com/photo-1623859006907-9a455f980035?crop=entropy&cs=tinysrgb&fit=max&fm=jpg&ixid=M3w2NjYxNzV8MHwxfHNlYXJjaHwxfHxSb2NrJTIwR2FyZGVufGVufDB8fHx8MTcyOTI0NTkzOHww&ixlib=rb-4.0.3&q=80&w=400,3
Southern,Kerala,Alappuzha,Alappuzha Beach,4.5,Recreational,Unknown,All,https://images.unsplash.com/photo-1635612978150-db1d581a479c?crop=entropy&cs=tinysrgb&fit=max&fm=jpg&ixid=M3w2NjYxNzV8MHwxfHNlYXJjaHwxfHxBbGFwcHV6aGElMjBCZWFjaHxlbnwwfHx8fDE3MjkyNDU5NDJ8MA&ixlib=rb-4.0.3&q=80&w=400,3
Southern,Kerala,Munnar,Munnar Tea Gardens,4.3,Nature,Unknown,All,https://images.unsplash.com/photo-1491497895121-1334fc14d8c9?crop=entropy&cs=tinysrgb&fit=max&fm=jpg&ixid=M3w2NjYxNzV8MHwxfHNlYXJjaHwxfHxNdW5uYXIlMjBUZWElMjBHYXJkZW5zfGVufDB8fHx8MTcyOTI0NTk0Nnww&ixlib=rb-4.0.3&q=80&w=400,3
Southern,Kerala,Kochi,Fort Kochi,4.4,Historical,1503,All,https://images.unsplash.com/photo-1696966358360-f64c761e0cb5?crop=entropy&cs=tinysrgb&fit=max&fm=jpg&ixid=M3w2NjYxNzV8MHwxfHNlYXJjaHwxfHxGb3J0JTIwS29jaGl8ZW58MHx8fHwxNzI5MjQ1OTUxfDA&ixlib=rb-4.0.3&q=80&w=400,3
Southern,Kerala,Thiruvananthapuram,Padmanabhaswamy Temple,4.7,Religious,Unknown,All,https://images.unsplash.com/photo-1601208443688-c71856b84610?crop=entropy&cs=tinysrgb&fit=max&fm=jpg&ixid=M3w2NjYxNzV8MHwxfHNlYXJjaHwxfHxQYWRtYW5hYmhhc3dhbXklMjBUZW1wbGV8ZW58MHx8fHwxNzI5MjQ1OTU1fDA&ixlib=rb-4.0.3&q=80&w=400,1
Southern,Kerala,Kozhikode,Kozhikode Beach,3.9,Recreational,Unknown,All,https://images.unsplash.com/photo-1694931537831-df7efcac39a0?crop=entropy&cs=tinysrgb&fit=max&fm=jpg&ixid=M3w2NjYxNzV8MHwxfHNlYXJjaHwxfHxLb3poaWtvZGUlMjBCZWFjaHxlbnwwfHx8fDE3MjkyNDk0MzN8MA&ixlib=rb-4.0.3&q=80&w=400,3
Southern,Kerala,Wayanad,Wayanad Wildlife Sanctuary,4.5,Wildlife,Unknown,All,https://images.unsplash.com/photo-1516934024742-b461fba47600?crop=entropy&cs=tinysrgb&fit=max&fm=jpg&ixid=M3w2NjYyMDl8MHwxfHNlYXJjaHwxfHxXYXlhbmFkJTIwV2lsZGxpZmUlMjBTYW5jdHVhcnl8ZW58MHx8fHwxNzI5MjUwMzMyfDA&ixlib=rb-4.0.3&q=80&w=400,3
Southern,Kerala,Thekkady,Periyar National Park,4.3,Wildlife,1982,All,https://images.unsplash.com/photo-1707141774413-5e6e3dac3db3?crop=entropy&cs=tinysrgb&fit=max&fm=jpg&ixid=M3w2NjYyMDl8MHwxfHNlYXJjaHwxfHxQZXJpeWFyJTIwTmF0aW9uYWwlMjBQYXJrfGVufDB8fHx8MTcyOTI1MDMzM3ww&ixlib=rb-4.0.3&q=80&w=400,3
Southern,Kerala,Kumarakom,Kumarakom Bird Sanctuary,3.8,Wildlife,1972,All,https://images.unsplash.com/photo-1506058675424-d2dc33fa688d?crop=entropy&cs=tinysrgb&fit=max&fm=jpg&ixid=M3w2NjYyMDl8MHwxfHNlYXJjaHwxfHxLdW1hcmFrb20lMjBCaXJkJTIwU2FuY3R1YXJ5fGVufDB8fHx8MTcyOTI1MDMzM3ww&ixlib=rb-4.0.3&q=80&w=400,3
Southern,Kerala,Varkala,Varkala Beach,4.6,Recreational,Unknown,All,https://images.unsplash.com/photo-1611551355200-6a3d698a6dca?crop=entropy&cs=tinysrgb&fit=max&fm=jpg&ixid=M3w2NjYyMDl8MHwxfHNlYXJjaHwxfHxWYXJrYWxhJTIwQmVhY2h8ZW58MHx8fHwxNzI5MjUwMzM0fDA&ixlib=rb-4.0.3&q=80&w=400,3
Southern,Kerala,Bekal,Bekal Fort,4.5,Historical,1650,All,https://images.unsplash.com/photo-1591620244616-d4e18817c26e?crop=entropy&cs=tinysrgb&fit=max&fm=jpg&ixid=M3w2NjYyMDl8MHwxfHNlYXJjaHwxfHxCZWthbCUyMEZvcnR8ZW58MHx8fHwxNzI5MjUwMzM1fDA&ixlib=rb-4.0.3&q=80&w=400,3
Southern,Kerala,Kovalam,Kovalam Beach,4.4,Recreational,Unknown,All,https://images.unsplash.com/photo-1573269354259-8c108692afa1?crop=entropy&cs=tinysrgb&fit=max&fm=jpg&ixid=M3w2NjYyMDl8MHwxfHNlYXJjaHwxfHxLb3ZhbGFtJTIwQmVhY2h8ZW58MHx8fHwxNzI5MjUwMzM1fDA&ixlib=rb-4.0.3&q=80&w=400,3
Southern,Kerala,Kannur,St. Angelo Fort,4.4,Historical,1505,All,https://images.unsplash.com/photo-1710838106550-ac9cf85a2bc7?crop=entropy&cs=tinysrgb&fit=max&fm=jpg&ixid=M3w2NjYyMDl8MHwxfHNlYXJjaHwxfHxTdC4lMjBBbmdlbG8lMjBGb3J0fGVufDB8fHx8MTcyOTI1MDMzNnww&ixlib=rb-4.0.3&q=80&w=400,3
Southern,Kerala,Nelliyampathy,Seethargundu Viewpoint,4.5,Nature,Unknown,Morning,https://images.unsplash.com/photo-1526148653006-c95760000cc0?crop=entropy&cs=tinysrgb&fit=max&fm=jpg&ixid=M3w2NjYyMDl8MHwxfHNlYXJjaHwxfHxTZWV0aGFyZ3VuZHUlMjBWaWV3cG9pbnR8ZW58MHx8fHwxNzI5MjUwMzM2fDA&ixlib=rb-4.0.3&q=80&w=400,0
Southern,Kerala,Kochi,Kerala Folklore Museum,4.4,Cultural,2009,All,https://images.unsplash.com/photo-1514905552197-0610a4d8fd73?crop=entropy&cs=tinysrgb&fit=max&fm=jpg&ixid=M3w2NjYyMDl8MHwxfHNlYXJjaHwxfHxLZXJhbGElMjBGb2xrbG9yZSUyME11c2V1bXxlbnwwfHx8fDE3MjkyNTAzMzd8MA&ixlib=rb-4.0.3&q=80&w=400,3
Southern,Kerala,Kochi,Wonderla Amusement Park,4.6,Entertainment,2016,All,https://images.unsplash.com/photo-1722573783471-a240b1bc1a7f?crop=entropy&cs=tinysrgb&fit=max&fm=jpg&ixid=M3w2NjYyMDl8MHwxfHNlYXJjaHwxfHxXb25kZXJsYSUyMEFtdXNlbWVudCUyMFBhcmt8ZW58MHx8fHwxNzI5MjUwMzM3fDA&ixlib=rb-4.0.3&q=80&w=400,3
Southern,Karnataka,Mysore,Mysore Palace,4.6,Historical,1912,All,https://images.unsplash.com/photo-1661492814674-f7917394884f?crop=entropy&cs=tinysrgb&fit=max&fm=jpg&ixid=M3w2NjYyMDl8MHwxfHNlYXJjaHwxfHxNeXNvcmUlMjBQYWxhY2V8ZW58MHx8fHwxNzI5MjUwMzM4fDA&ixlib=rb-4.0.3&q=80&w=400,3
Southern,Karnataka,Hampi,Hampi Archaeological Ruins,4.7,Historical,Unknown,All,https://images.unsplash.com/photo-1667115788157-f122b28b7ad5?crop=entropy&cs=tinysrgb&fit=max&fm=jpg&ixid=M3w2NjYyMDl8MHwxfHNlYXJjaHwxfHxIYW1waSUyMEFyY2hhZW9sb2dpY2FsJTIwUnVpbnN8ZW58MHx8fHwxNzI5MjUwMzM4fDA&ixlib=rb-4.0.3&q=80&w=400,3
Southern,Karnataka,Coorg,Abbey Falls,4.1,Nature,Unknown,Morning,https://images.unsplash.com/photo-1699879813675-0f7b49181169?crop=entropy&cs=tinysrgb&fit=max&fm=jpg&ixid=M3w2NjYyMDl8MHwxfHNlYXJjaHwxfHxBYmJleSUyMEZhbGxzfGVufDB8fHx8MTcyOTI1MDMzOXww&ixlib=rb-4.0.3&q=80&w=400,0
Southern,Karnataka,Gokarna,Om Beach,4.5,Nature,Unknown,All,https://images.unsplash.com/photo-1620987327682-1b8581fe5567?crop=entropy&cs=tinysrgb&fit=max&fm=jpg&ixid=M3w2NjYyMDl8MHwxfHNlYXJjaHwxfHxPbSUyMEJlYWNofGVufDB8fHx8MTcyOTI1MDMzOXww&ixlib=rb-4.0.3&q=80&w=400,3
Southern,Karnataka,Chikmagalur,Mullayanagiri,4.5,Nature,Unknown,All,https://images.unsplash.com/photo-1630641694725-f00f6b1b7f1d?crop=entropy&cs=tinysrgb&fit=max&fm=jpg&ixid=M3w2NjYyMDl8MHwxfHNlYXJjaHwxfHxNdWxsYXlhbmFnaXJpfGVufDB8fHx8MTcyOTI1MDM0MHww&ixlib=rb-4.0.3&q=80&w=400,3
Southern,Karnataka,Badami,Badami Cave Temples,4.6,Religious,600,All,https://images.unsplash.com/photo-1677009673772-725d5907e412?crop=entropy&cs=tinysrgb&fit=max&fm=jpg&ixid=M3w2NjYyMDl8MHwxfHNlYXJjaHwxfHxCYWRhbWklMjBDYXZlJTIwVGVtcGxlc3xlbnwwfHx8fDE3MjkyNTAzNDB8MA&ixlib=rb-4.0.3&q=80&w=400,1
Southern,Karnataka,Shivamogga,Jog Falls,4.6,Nature,1900,Morning,https://images.unsplash.com/photo-1611299873337-a8cc078cabde?crop=entropy&cs=tinysrgb&fit=max&fm=jpg&ixid=M3w2NjYyMDl8MHwxfHNlYXJjaHwxfHxKb2clMjBGYWxsc3xlbnwwfHx8fDE3MjkyNTAzNDF8MA&ixlib=rb-4.0.3&q=80&w=400,0
Southern,Karnataka,Mangalore,Panambur Beach,4.5,Recreational,Unknown,All,https://images.unsplash.com/photo-1641413775705-9c8be4cab9cb?crop=entropy&cs=tinysrgb&fit=max&fm=jpg&ixid=M3w2NjYyMDl8MHwxfHNlYXJjaHwxfHxQYW5hbWJ1ciUyMEJlYWNofGVufDB8fHx8MTcyOTI1MDM0MXww&ixlib=rb-4.0.3&q=80&w=400,3
Southern,Karnataka,Murudeshwar,Murudeshwar Temple,4.7,Religious,Unknown,All,https://images.unsplash.com/photo-1642516864138-5fd999e09dfb?crop=entropy&cs=tinysrgb&fit=max&fm=jpg&ixid=M3w2NjYyMDl8MHwxfHNlYXJjaHwxfHxNdXJ1ZGVzaHdhciUyMFRlbXBsZXxlbnwwfHx8fDE3MjkyNTAzNDJ8MA&ixlib=rb-4.0.3&q=80&w=400,1
Southern,Karnataka,Bijapur,Gol Gumbaz,4.5,Historical,1656,All,https://images.unsplash.com/photo-1651752402665-4c059aa0b109?crop=entropy&cs=tinysrgb&fit=max&fm=jpg&ixid=M3w2NjYyMDl8MHwxfHNlYXJjaHwxfHxHb2wlMjBHdW1iYXp8ZW58MHx8fHwxNzI5MjUwMzQyfDA&ixlib=rb-4.0.3&q=80&w=400,3
Southern,Karnataka,Bandipur,Bandipur National Park,4.4,Wildlife,1974,Morning,https://images.unsplash.com/photo-1543735577-ffe97474ee2c?crop=entropy&cs=tinysrgb&fit=max&fm=jpg&ixid=M3w2NjYyMDl8MHwxfHNlYXJjaHwxfHxCYW5kaXB1ciUyME5hdGlvbmFsJTIwUGFya3xlbnwwfHx8fDE3MjkyNTAzNDN8MA&ixlib=rb-4.0.3&q=80&w=400,0
Southern,Karnataka,Halebidu,Halebidu Hoysaleswara Temple,4.7,Religious,1121,All,https://images.unsplash.com/photo-1621036419105-683f75661fcc?crop=entropy&cs=tinysrgb&fit=max&fm=jpg&ixid=M3w2NjYyMDl8MHwxfHNlYXJjaHwxfHxIYWxlYmlkdSUyMEhveXNhbGVzd2FyYSUyMFRlbXBsZXxlbnwwfHx8fDE3MjkyNTAzNDN8MA&ixlib=rb-4.0.3&q=80&w=400,1
Western,Maharastra,Pune,Shaniwar Wada,4.4,Historical,1732,All,https://images.unsplash.com/photo-1727161203027-11efac6d286b?crop=entropy&cs=tinysrgb&fit=max&fm=jpg&ixid=M3w2NjYyMDl8MHwxfHNlYXJjaHwxfHxTaGFuaXdhciUyMFdhZGF8ZW58MHx8fHwxNzI5MjUwMzQ0fDA&ixlib=rb-4.0.3&q=80&w=400,3
Western,Maharastra,Aurangabad,Ajanta Caves,4.6,Historical,200,Afternoon,https://images.unsplash.com/photo-1626331915556-c4f817fbcc5d?crop=entropy&cs=tinysrgb&fit=max&fm=jpg&ixid=M3w2NjYyMDl8MHwxfHNlYXJjaHwxfHxBamFudGElMjBDYXZlc3xlbnwwfHx8fDE3MjkyNTAzNDR8MA&ixlib=rb-4.0.3&q=80&w=400,2
Western,Maharastra,Nashik,Sula Vineyards,4.1,Recreational,1999,Afternoon,https://images.unsplash.com/photo-1652184012169-02b20b29c847?crop=entropy&cs=tinysrgb&fit=max&fm=jpg&ixid=M3w2NjYyMDl8MHwxfHNlYXJjaHwxfHxTdWxhJTIwVmluZXlhcmRzfGVufDB8fHx8MTcyOTI1MDM0NXww&ixlib=rb-4.0.3&q=80&w=400,2
Western,Maharastra,Shirdi,Sai Baba Temple,4.7,Religious,1922,All,https://images.unsplash.com/photo-1629640890590-7836d69c5237?crop=entropy&cs=tinysrgb&fit=max&fm=jpg&ixid=M3w2NjYyMDl8MHwxfHNlYXJjaHwxfHxTYWklMjBCYWJhJTIwVGVtcGxlfGVufDB8fHx8MTcyOTI1MDM0NXww&ixlib=rb-4.0.3&q=80&w=400,1
Western,Maharastra,Alibaug,Alibaug Beach,4.2,Recreational,Unknown,Evening,https://images.unsplash.com/photo-1699078459880-101ecca089a5?crop=entropy&cs=tinysrgb&fit=max&fm=jpg&ixid=M3w2NjYyMDl8MHwxfHNlYXJjaHwxfHxBbGliYXVnJTIwQmVhY2h8ZW58MHx8fHwxNzI5MjUwMzQ2fDA&ixlib=rb-4.0.3&q=80&w=400,5
Western,Maharastra,Ratnagiri,Ganapatipule Temple,4.7,Religious,1600,All,https://images.unsplash.com/photo-1601208443688-c71856b84610?crop=entropy&cs=tinysrgb&fit=max&fm=jpg&ixid=M3w2NjYyMDl8MHwxfHNlYXJjaHwxfHxHYW5hcGF0aXB1bGUlMjBUZW1wbGV8ZW58MHx8fHwxNzI5MjUwMzQ2fDA&ixlib=rb-4.0.3&q=80&w=400,1
Western,Maharastra,Nagpur,Deekshabhoomi,4.5,Religious,2001,Afternoon,Not Defined,1
Western,Maharastra,Kolhapur,Mahalakshmi Temple,4.8,Religious,700,All,https://images.unsplash.com/photo-1601208443688-c71856b84610?crop=entropy&cs=tinysrgb&fit=max&fm=jpg&ixid=M3w2NjYyMDl8MHwxfHNlYXJjaHwxfHxNYWhhbGFrc2htaSUyMFRlbXBsZXxlbnwwfHx8fDE3MjkyNTAzNDd8MA&ixlib=rb-4.0.3&q=80&w=400,1
Western,Maharastra,Lonavala,Karla Caves,4.4,Historical,200,Afternoon,https://images.unsplash.com/photo-1627827776375-67633d8d2f45?crop=entropy&cs=tinysrgb&fit=max&fm=jpg&ixid=M3w2NjYyMDl8MHwxfHNlYXJjaHwxfHxLYXJsYSUyMENhdmVzfGVufDB8fHx8MTcyOTI1MDM0OHww&ixlib=rb-4.0.3&q=80&w=400,2
Western,Maharashtra,Tarkarli,Tarkarli Beach,4.6,Recreational,Unknown,Evening,https://images.unsplash.com/photo-1695289260739-d188d264f096?crop=entropy&cs=tinysrgb&fit=max&fm=jpg&ixid=M3w2NjYyMDl8MHwxfHNlYXJjaHwxfHxUYXJrYXJsaSUyMEJlYWNofGVufDB8fHx8MTcyOTI1MDM0OHww&ixlib=rb-4.0.3&q=80&w=400,5
Western,Maharashtra,Satara,Kaas Plateau,4.4,Nature,Unknown,Afternoon,https://images.unsplash.com/photo-1649301379226-19a62316808a?crop=entropy&cs=tinysrgb&fit=max&fm=jpg&ixid=M3w2NjYyMDl8MHwxfHNlYXJjaHwxfHxLYWFzJTIwUGxhdGVhdXxlbnwwfHx8fDE3MjkyNTAzNDl8MA&ixlib=rb-4.0.3&q=80&w=400,2
Western,Maharashtra,Matheran,Echo Point,4.4,Nature,1828,Morning,https://images.unsplash.com/photo-1658739560039-7d9e58669073?crop=entropy&cs=tinysrgb&fit=max&fm=jpg&ixid=M3w2NjYyMDl8MHwxfHNlYXJjaHwxfHxFY2hvJTIwUG9pbnR8ZW58MHx8fHwxNzI5MjUwMzQ5fDA&ixlib=rb-4.0.3&q=80&w=400,0
Western,Maharashtra,Ajanta,Ellora Caves,4.7,Historical,600,Afternoon,https://images.unsplash.com/photo-1631102006950-64c80c08681e?crop=entropy&cs=tinysrgb&fit=max&fm=jpg&ixid=M3w2NjYyMDl8MHwxfHNlYXJjaHwxfHxFbGxvcmElMjBDYXZlc3xlbnwwfHx8fDE3MjkyNTAzNTB8MA&ixlib=rb-4.0.3&q=80&w=400,2
Central,Madhya Pradesh,Khajuraho,Khajuraho Group of Monuments,4.7,Cultural,-850,Afternoon,https://images.unsplash.com/photo-1502444330042-d1a1ddf9bb5b?crop=entropy&cs=tinysrgb&fit=max&fm=jpg&ixid=M3w2NjYyMDl8MHwxfHNlYXJjaHwxfHxLaGFqdXJhaG8lMjBHcm91cCUyMG9mJTIwTW9udW1lbnRzfGVufDB8fHx8MTcyOTI1MDM1MHww&ixlib=rb-4.0.3&q=80&w=400,2
Central,Madhya Pradesh,Bhopal,Sanchi Stupa,4.7,Historical,-300,Afternoon,https://images.unsplash.com/photo-1544809753-18b361b0c4e4?crop=entropy&cs=tinysrgb&fit=max&fm=jpg&ixid=M3w2NjYyMDl8MHwxfHNlYXJjaHwxfHxTYW5jaGklMjBTdHVwYXxlbnwwfHx8fDE3MjkyNTAzNTF8MA&ixlib=rb-4.0.3&q=80&w=400,2
Central,Madhya Pradesh,Indore,Rajwada Palace,4.4,Historical,1747,Afternoon,https://images.unsplash.com/photo-1705767987847-45e569e7ff4a?crop=entropy&cs=tinysrgb&fit=max&fm=jpg&ixid=M3w2NjYyMDl8MHwxfHNlYXJjaHwxfHxSYWp3YWRhJTIwUGFsYWNlfGVufDB8fHx8MTcyOTI1MDM1MXww&ixlib=rb-4.0.3&q=80&w=400,2
Central,Madhya Pradesh,Gwalior,Gwalior Fort,4.5,Historical,900,Morning,https://images.unsplash.com/photo-1643269877099-ea5393b80320?crop=entropy&cs=tinysrgb&fit=max&fm=jpg&ixid=M3w2NjYyMDl8MHwxfHNlYXJjaHwxfHxHd2FsaW9yJTIwRm9ydHxlbnwwfHx8fDE3MjkyNTAzNTJ8MA&ixlib=rb-4.0.3&q=80&w=400,0
Central,Madhya Pradesh,Ujjain,Mahakaleshwar Jyotirlinga,4.8,Religious,-3500,All,https://images.unsplash.com/photo-1658730510499-8c8e84f4db38?crop=entropy&cs=tinysrgb&fit=max&fm=jpg&ixid=M3w2NjYyMDl8MHwxfHNlYXJjaHwxfHxNYWhha2FsZXNod2FyJTIwSnlvdGlybGluZ2F8ZW58MHx8fHwxNzI5MjUwMzUyfDA&ixlib=rb-4.0.3&q=80&w=400,1
Central,Madhya Pradesh,Jabalpur,Dhuandhar Falls,4.5,Nature,Unknown,Morning,https://images.unsplash.com/photo-1533811668780-8d4ddf8a31e8?crop=entropy&cs=tinysrgb&fit=max&fm=jpg&ixid=M3w2NjYyMDl8MHwxfHNlYXJjaHwxfHxEaHVhbmRoYXIlMjBGYWxsc3xlbnwwfHx8fDE3MjkyNTAzNTN8MA&ixlib=rb-4.0.3&q=80&w=400,0
Central,Madhya Pradesh,Pachmarhi,Bee Falls,4.6,Nature,Unknown,Morning,https://images.unsplash.com/photo-1655001296722-7d79b036086e?crop=entropy&cs=tinysrgb&fit=max&fm=jpg&ixid=M3w2NjYyMDl8MHwxfHNlYXJjaHwxfHxCZWUlMjBGYWxsc3xlbnwwfHx8fDE3MjkyNTAzNTR8MA&ixlib=rb-4.0.3&q=80&w=400,0
Central,Madhya Pradesh,Kanha,Kanha National Park,4.5,Wildlife,1955,Morning,https://images.unsplash.com/photo-1563289278-442a75d2adae?crop=entropy&cs=tinysrgb&fit=max&fm=jpg&ixid=M3w2NjYyMDl8MHwxfHNlYXJjaHwxfHxLYW5oYSUyME5hdGlvbmFsJTIwUGFya3xlbnwwfHx8fDE3MjkyNTAzNTR8MA&ixlib=rb-4.0.3&q=80&w=400,0
Central,Madhya Pradesh,Bandhavgarh,Bandhavgarh National Park,4.5,Wildlife,1968,Morning,https://images.unsplash.com/photo-1670423462494-bdf156e73684?crop=entropy&cs=tinysrgb&fit=max&fm=jpg&ixid=M3w2NjYyMDl8MHwxfHNlYXJjaHwxfHxCYW5kaGF2Z2FyaCUyME5hdGlvbmFsJTIwUGFya3xlbnwwfHx8fDE3MjkyNTAzNTV8MA&ixlib=rb-4.0.3&q=80&w=400,0
Central,Madhya Pradesh,Orchha,Orchha Fort,4.8,Historical,1500,Afternoon,https://images.unsplash.com/photo-1641803187436-1afdb46afb30?crop=entropy&cs=tinysrgb&fit=max&fm=jpg&ixid=M3w2NjYyMDl8MHwxfHNlYXJjaHwxfHxPcmNoaGElMjBGb3J0fGVufDB8fHx8MTcyOTI1MDM1NXww&ixlib=rb-4.0.3&q=80&w=400,2
Central,Madhya Pradesh,Mandu,Jahaz Mahal,3.9,Historical,1500,Afternoon,https://images.unsplash.com/photo-1727854053846-12c3e5902b2b?crop=entropy&cs=tinysrgb&fit=max&fm=jpg&ixid=M3w2NjYyMDl8MHwxfHNlYXJjaHwxfHxKYWhheiUyME1haGFsfGVufDB8fHx8MTcyOTI1MDM1Nnww&ixlib=rb-4.0.3&q=80&w=400,2
Central,Madhya Pradesh,Bhimbetka,Bhimbetka Rock Shelters,4.6,Archaeological,1958,Afternoon,https://images.unsplash.com/photo-1630487895005-4e2776342faf?crop=entropy&cs=tinysrgb&fit=max&fm=jpg&ixid=M3w2NjYyMDl8MHwxfHNlYXJjaHwxfHxCaGltYmV0a2ElMjBSb2NrJTIwU2hlbHRlcnN8ZW58MHx8fHwxNzI5MjUwMzU2fDA&ixlib=rb-4.0.3&q=80&w=400,2
Central,Madhya Pradesh,Amarkantak,Narmada Udgam Temple,4.4,Religious,1200,All,https://images.unsplash.com/photo-1601208443688-c71856b84610?crop=entropy&cs=tinysrgb&fit=max&fm=jpg&ixid=M3w2NjYyMDl8MHwxfHNlYXJjaHwxfHxOYXJtYWRhJTIwVWRnYW0lMjBUZW1wbGV8ZW58MHx8fHwxNzI5MjUwMzU3fDA&ixlib=rb-4.0.3&q=80&w=400,1
Central,Madhya Pradesh,Chitrakoot,Chitrakoot Falls,4.4,Nature,Unknown,Morning,https://images.unsplash.com/photo-1604476679223-80349206ce33?crop=entropy&cs=tinysrgb&fit=max&fm=jpg&ixid=M3w2NjYyMDl8MHwxfHNlYXJjaHwxfHxDaGl0cmFrb290JTIwRmFsbHN8ZW58MHx8fHwxNzI5MjUwMzU3fDA&ixlib=rb-4.0.3&q=80&w=400,0
Northern,Himachal Pradesh,Shimla,The Ridge,4.7,Recreational,Unknown,Morning,https://images.unsplash.com/photo-1694829383879-96786c18470c?crop=entropy&cs=tinysrgb&fit=max&fm=jpg&ixid=M3w2NjYyMDl8MHwxfHNlYXJjaHwxfHxUaGUlMjBSaWRnZXxlbnwwfHx8fDE3MjkyNTAzNTh8MA&ixlib=rb-4.0.3&q=80&w=400,0
Northern,Himachal Pradesh,Manali,Solang Valley,4.1,Adventure,Unknown,Morning,https://images.unsplash.com/photo-1655469795420-31a4cefc79e4?crop=entropy&cs=tinysrgb&fit=max&fm=jpg&ixid=M3w2NjYyMTV8MHwxfHNlYXJjaHwxfHxTb2xhbmclMjBWYWxsZXl8ZW58MHx8fHwxNzI5MjUxMzAyfDA&ixlib=rb-4.0.3&q=80&w=400,0
Northern,Himachal Pradesh,dalhousie,Dalai Lama Temple,4.7,Religious,1959,All,https://images.unsplash.com/photo-1545295771-55207789f9c9?crop=entropy&cs=tinysrgb&fit=max&fm=jpg&ixid=M3w2NjYyMTV8MHwxfHNlYXJjaHwxfHxEYWxhaSUyMExhbWElMjBUZW1wbGV8ZW58MHx8fHwxNzI5MjUxMzA0fDA&ixlib=rb-4.0.3&q=80&w=400,1
Northern,Himachal Pradesh,Dalhousie,Khajjiar Lake,4.5,Nature,Unknown,Morning,https://images.unsplash.com/photo-1589702413183-ca141958b7c5?crop=entropy&cs=tinysrgb&fit=max&fm=jpg&ixid=M3w2NjYyMTV8MHwxfHNlYXJjaHwxfHxLaGFqamlhciUyMExha2V8ZW58MHx8fHwxNzI5MjUxMzA0fDA&ixlib=rb-4.0.3&q=80&w=400,0
Northern,Himachal Pradesh,Spiti Valley,Key Monastery,4.8,Religious,1100,Morning,https://images.unsplash.com/photo-1579531403068-8d6fd2b3f45d?crop=entropy&cs=tinysrgb&fit=max&fm=jpg&ixid=M3w2NjYyMTV8MHwxfHNlYXJjaHwxfHxLZXklMjBNb25hc3Rlcnl8ZW58MHx8fHwxNzI5MjUxMzA1fDA&ixlib=rb-4.0.3&q=80&w=400,0
Northern,Himachal Pradesh,Kullu,Great Himalayan National Park,4.5,Wildlife,1984,All,https://images.unsplash.com/photo-1556116658-12666224a925?crop=entropy&cs=tinysrgb&fit=max&fm=jpg&ixid=M3w2NjYyMTV8MHwxfHNlYXJjaHwxfHxHcmVhdCUyMEhpbWFsYXlhbiUyME5hdGlvbmFsJTIwUGFya3xlbnwwfHx8fDE3MjkyNTEzMDZ8MA&ixlib=rb-4.0.3&q=80&w=400,3
Northern,Himachal Pradesh,Chamba,Chamera Lake,4.4,Recreational,Unknown,Morning,https://images.unsplash.com/photo-1577636274301-929428ff2306?crop=entropy&cs=tinysrgb&fit=max&fm=jpg&ixid=M3w2NjYyMTV8MHwxfHNlYXJjaHwxfHxDaGFtZXJhJTIwTGFrZXxlbnwwfHx8fDE3MjkyNTEzMDZ8MA&ixlib=rb-4.0.3&q=80&w=400,0
Northern,Himachal Pradesh,Kinnaur,Sangla Valley,4.5,Nature,Unknown,Morning,https://images.unsplash.com/photo-1721224688543-47e9b37249b8?crop=entropy&cs=tinysrgb&fit=max&fm=jpg&ixid=M3w2NjYyMTV8MHwxfHNlYXJjaHwxfHxTYW5nbGElMjBWYWxsZXl8ZW58MHx8fHwxNzI5MjUxMzA3fDA&ixlib=rb-4.0.3&q=80&w=400,0
Northern,Himachal Pradesh,Kangra,Kangra Fort,4.4,Historical,400,All,https://images.unsplash.com/photo-1656125781286-e839bbedbbf4?crop=entropy&cs=tinysrgb&fit=max&fm=jpg&ixid=M3w2NjYyMTV8MHwxfHNlYXJjaHwxfHxLYW5ncmElMjBGb3J0fGVufDB8fHx8MTcyOTI1MTMwN3ww&ixlib=rb-4.0.3&q=80&w=400,3
Northern,Himachal Pradesh,Palampur,Tea Gardens,4.6,Agricultural,1950,Morning,https://images.unsplash.com/photo-1491497895121-1334fc14d8c9?crop=entropy&cs=tinysrgb&fit=max&fm=jpg&ixid=M3w2NjYyMTV8MHwxfHNlYXJjaHwxfHxUZWElMjBHYXJkZW5zfGVufDB8fHx8MTcyOTI1MTMwOHww&ixlib=rb-4.0.3&q=80&w=400,0
Northern,Himachal Pradesh,Mandi,Prashar Lake,4.6,Nature,1400,Morning,https://images.unsplash.com/photo-1701004602456-475f175be59c?crop=entropy&cs=tinysrgb&fit=max&fm=jpg&ixid=M3w2NjYyMTV8MHwxfHNlYXJjaHwxfHxQcmFzaGFyJTIwTGFrZXxlbnwwfHx8fDE3MjkyNTEzMDl8MA&ixlib=rb-4.0.3&q=80&w=400,0
Northern,Himachal Pradesh,Bir Billing,Paragliding Site,4.8,Adventure,2005,All,https://www.hpparagliding.com/wp-content/uploads/2017/01/package-3.jpg,3
Northern,Himachal Pradesh,McLeod Ganj,Triund Trek,4.8,Adventure,Unknown,Morning,https://images.unsplash.com/photo-1663659762869-66e26cb593eb?crop=entropy&cs=tinysrgb&fit=max&fm=jpg&ixid=M3w2NjYyMTV8MHwxfHNlYXJjaHwxfHxUcml1bmQlMjBUcmVrfGVufDB8fHx8MTcyOTI1MTMxMHww&ixlib=rb-4.0.3&q=80&w=400,0
Northern,Himachal Pradesh,Manikaran,Manikaran Sahib,4.6,Religious,1980,Morning,https://images.unsplash.com/photo-1676718912572-b3ebcff192e3?crop=entropy&cs=tinysrgb&fit=max&fm=jpg&ixid=M3w2NjYyMTV8MHwxfHNlYXJjaHwxfHxNYW5pa2FyYW4lMjBTYWhpYnxlbnwwfHx8fDE3MjkyNTEzMTB8MA&ixlib=rb-4.0.3&q=80&w=400,0
Northern,Himachal Pradesh,Narkanda,Hatu Peak,4.5,Nature,Unknown,All,https://images.unsplash.com/photo-1572290795774-0e4ccb195043?crop=entropy&cs=tinysrgb&fit=max&fm=jpg&ixid=M3w2NjYyMTV8MHwxfHNlYXJjaHwxfHxIYXR1JTIwUGVha3xlbnwwfHx8fDE3MjkyNTEzMTF8MA&ixlib=rb-4.0.3&q=80&w=400,3
Northern,Himachal Pradesh,Barot,Barot Valley,4.7,Nature,Unknown,Morning,https://images.unsplash.com/photo-1686150569573-588926f1a581?crop=entropy&cs=tinysrgb&fit=max&fm=jpg&ixid=M3w2NjYyMTV8MHwxfHNlYXJjaHwxfHxCYXJvdCUyMFZhbGxleXxlbnwwfHx8fDE3MjkyNTEzMTJ8MA&ixlib=rb-4.0.3&q=80&w=400,0
Northern,Himachal Pradesh,Shoja,Serolsar Lake,4.4,Nature,Unknown,Morning,https://images.unsplash.com/photo-1716186942511-4279e81d02ea?crop=entropy&cs=tinysrgb&fit=max&fm=jpg&ixid=M3w2NjYyMTV8MHwxfHNlYXJjaHwxfHxTZXJvbHNhciUyMExha2V8ZW58MHx8fHwxNzI5MjUxMzEyfDA&ixlib=rb-4.0.3&q=80&w=400,0
Northern,Himachal Pradesh,Kufri,Kufri Fun World,3.8,Recreational,1975,All,https://images.unsplash.com/photo-1513151233558-d860c5398176?crop=entropy&cs=tinysrgb&fit=max&fm=jpg&ixid=M3w2NjYyMTV8MHwxfHNlYXJjaHwxfHxLdWZyaSUyMEZ1biUyMFdvcmxkfGVufDB8fHx8MTcyOTI1MTMxM3ww&ixlib=rb-4.0.3&q=80&w=400,3
Northern,Uttarakhand,Nainital,Naini Lake,4.2,Nature,Unknown,Morning,https://images.unsplash.com/photo-1599208912391-fe821096b980?crop=entropy&cs=tinysrgb&fit=max&fm=jpg&ixid=M3w2NjYyMTV8MHwxfHNlYXJjaHwxfHxOYWluaSUyMExha2V8ZW58MHx8fHwxNzI5MjUxMzEzfDA&ixlib=rb-4.0.3&q=80&w=400,0
Northern,Uttarakhand,Rishikesh,Laxman Jhula,4.4,Cultural,1939,Morning,https://images.unsplash.com/photo-1595146254856-7cded88c4707?crop=entropy&cs=tinysrgb&fit=max&fm=jpg&ixid=M3w2NjYyMTV8MHwxfHNlYXJjaHwxfHxMYXhtYW4lMjBKaHVsYXxlbnwwfHx8fDE3MjkyNTEzMTR8MA&ixlib=rb-4.0.3&q=80&w=400,0
Northern,Uttarakhand,Haridwar,Har Ki Pauri,4.5,Religious,Unknown,All,https://images.unsplash.com/photo-1591783178925-3b400090387d?crop=entropy&cs=tinysrgb&fit=max&fm=jpg&ixid=M3w2NjYyMTV8MHwxfHNlYXJjaHwxfHxIYXIlMjBLaSUyMFBhdXJpfGVufDB8fHx8MTcyOTI1MTMxNXww&ixlib=rb-4.0.3&q=80&w=400,1
Northern,Uttarakhand,Dehradun,Robber's Cave,4.5,Nature,Unknown,Morning,https://images.unsplash.com/photo-1635699749534-7594591661aa?crop=entropy&cs=tinysrgb&fit=max&fm=jpg&ixid=M3w2NjYyMTV8MHwxfHNlYXJjaHwxfHxSb2JiZXIlMjdzJTIwQ2F2ZXxlbnwwfHx8fDE3MjkyNTEzMTV8MA&ixlib=rb-4.0.3&q=80&w=400,0
Northern,Uttarakhand,Mussoorie,Kempty Falls,4.2,Nature,Unknown,Morning,https://images.unsplash.com/photo-1580723209134-48a2fd4b5712?crop=entropy&cs=tinysrgb&fit=max&fm=jpg&ixid=M3w2NjYyMTV8MHwxfHNlYXJjaHwxfHxLZW1wdHklMjBGYWxsc3xlbnwwfHx8fDE3MjkyNTEzMTZ8MA&ixlib=rb-4.0.3&q=80&w=400,0
Northern,Uttarakhand,Auli,Auli Ski Resort,4.5,Adventure,1990,Morning,https://images.unsplash.com/photo-1632213234790-59e9402b0612?crop=entropy&cs=tinysrgb&fit=max&fm=jpg&ixid=M3w2NjYyMTV8MHwxfHNlYXJjaHwxfHxBdWxpJTIwU2tpJTIwUmVzb3J0fGVufDB8fHx8MTcyOTI1MTMxNnww&ixlib=rb-4.0.3&q=80&w=400,0
Northern,Uttarakhand,Badrinath,Badrinath Temple,4.8,Religious,-820,All,https://images.unsplash.com/photo-1601821139314-66a4d14cfc00?crop=entropy&cs=tinysrgb&fit=max&fm=jpg&ixid=M3w2NjYyMTV8MHwxfHNlYXJjaHwxfHxCYWRyaW5hdGglMjBUZW1wbGV8ZW58MHx8fHwxNzI5MjUxMzIyfDA&ixlib=rb-4.0.3&q=80&w=400,1
Northern,Uttarakhand,Almora,Binsar Wildlife Sanctuary,4.3,Wildlife,1988,All,https://images.unsplash.com/photo-1516934024742-b461fba47600?crop=entropy&cs=tinysrgb&fit=max&fm=jpg&ixid=M3w2NjYyMTV8MHwxfHNlYXJjaHwxfHxCaW5zYXIlMjBXaWxkbGlmZSUyMFNhbmN0dWFyeXxlbnwwfHx8fDE3MjkyNTEzMjN8MA&ixlib=rb-4.0.3&q=80&w=400,3
Northern,Uttarakhand,Ranikhet,Chaubatia Gardens,4,Recreational,1868,All,https://images.unsplash.com/photo-1590025877851-33a6250be62d?crop=entropy&cs=tinysrgb&fit=max&fm=jpg&ixid=M3w2NjYyMTV8MHwxfHNlYXJjaHwxfHxDaGF1YmF0aWElMjBHYXJkZW5zfGVufDB8fHx8MTcyOTI1MTMyNHww&ixlib=rb-4.0.3&q=80&w=400,3
Northern,Uttarakhand,Jim Corbett,Jim Corbett National Park,4.4,Wildlife,1936,All,https://images.unsplash.com/photo-1617809315219-337586948238?crop=entropy&cs=tinysrgb&fit=max&fm=jpg&ixid=M3w2NjYyMTV8MHwxfHNlYXJjaHwxfHxKaW0lMjBDb3JiZXR0JTIwTmF0aW9uYWwlMjBQYXJrfGVufDB8fHx8MTcyOTI1MTMyNXww&ixlib=rb-4.0.3&q=80&w=400,3
Northern,Uttarakhand,Uttarkashi,Gangotri Temple,4.8,Religious,1751,All,https://images.unsplash.com/photo-1601208443688-c71856b84610?crop=entropy&cs=tinysrgb&fit=max&fm=jpg&ixid=M3w2NjYyMTV8MHwxfHNlYXJjaHwxfHxHYW5nb3RyaSUyMFRlbXBsZXxlbnwwfHx8fDE3MjkyNTEzMjV8MA&ixlib=rb-4.0.3&q=80&w=400,1
Northern,Uttarakhand,Chopta,Tungnath Temple,4.8,Religious,751,All,https://images.unsplash.com/photo-1698979007436-97d95eeca39d?crop=entropy&cs=tinysrgb&fit=max&fm=jpg&ixid=M3w2NjYyMTV8MHwxfHNlYXJjaHwxfHxUdW5nbmF0aCUyMFRlbXBsZXxlbnwwfHx8fDE3MjkyNTEzMjZ8MA&ixlib=rb-4.0.3&q=80&w=400,1
Northern,Uttarakhand,Joshimath,Valley of Flowers,4.7,Nature,1982,Morning,https://images.unsplash.com/photo-1660141203042-153e6a1793b4?crop=entropy&cs=tinysrgb&fit=max&fm=jpg&ixid=M3w2NjYyMTV8MHwxfHNlYXJjaHwxfHxWYWxsZXklMjBvZiUyMEZsb3dlcnN8ZW58MHx8fHwxNzI5MjUxMzI3fDA&ixlib=rb-4.0.3&q=80&w=400,0
Central,Uttar Pradesh,Agra,Taj Mahal,4.6,Historical,1632,Morning,https://images.unsplash.com/photo-1526711657229-e7e080ed7aa1?crop=entropy&cs=tinysrgb&fit=max&fm=jpg&ixid=M3w2NjYyMTV8MHwxfHNlYXJjaHwxfHxUYWolMjBNYWhhbHxlbnwwfHx8fDE3MjkyNTEzMjd8MA&ixlib=rb-4.0.3&q=80&w=400,0
Central,Uttar Pradesh,Varanasi,Kashi Vishwanath Temple,4.7,Religious,Unknown,All,https://images.unsplash.com/photo-1712546623815-09416e1e751f?crop=entropy&cs=tinysrgb&fit=max&fm=jpg&ixid=M3w2NjYyMTV8MHwxfHNlYXJjaHwxfHxLYXNoaSUyMFZpc2h3YW5hdGglMjBUZW1wbGV8ZW58MHx8fHwxNzI5MjUxMzI4fDA&ixlib=rb-4.0.3&q=80&w=400,1
Central,Uttar Pradesh,Lucknow,Bara Imambara,4.4,Historical,1784,All,https://images.unsplash.com/photo-1684516761478-132bba9c9594?crop=entropy&cs=tinysrgb&fit=max&fm=jpg&ixid=M3w2NjYyMTV8MHwxfHNlYXJjaHwxfHxCYXJhJTIwSW1hbWJhcmF8ZW58MHx8fHwxNzI5MjUxMzI4fDA&ixlib=rb-4.0.3&q=80&w=400,3
Central,Uttar Pradesh,Mathura,Krishna Janmabhoomi,4.7,Religious,Unknown,All,https://images.unsplash.com/photo-1523190301657-195ef118bb36?crop=entropy&cs=tinysrgb&fit=max&fm=jpg&ixid=M3w2NjYyMTV8MHwxfHNlYXJjaHwxfHxLcmlzaG5hJTIwSmFubWFiaG9vbWl8ZW58MHx8fHwxNzI5MjUxMzI5fDA&ixlib=rb-4.0.3&q=80&w=400,1
Central,Uttar Pradesh,Ayodhya,Ram Janmabhoomi,4.8,Religious,Unknown,All,https://srjbtkshetra.org/wp-content/uploads/2020/11/Cam_04_01_Comp.jpg,1
Central,Uttar Pradesh,Vrindavan,Banke Bihari Temple,4.8,Religious,1864,All,https://images.unsplash.com/photo-1718169538811-b8e01d873f64?crop=entropy&cs=tinysrgb&fit=max&fm=jpg&ixid=M3w2NjYyMTV8MHwxfHNlYXJjaHwxfHxCYW5rZSUyMEJpaGFyaSUyMFRlbXBsZXxlbnwwfHx8fDE3MjkyNTEzMzB8MA&ixlib=rb-4.0.3&q=80&w=400,1
Central,Uttar Pradesh,Allahabad,Triveni Sangam,4.5,Religious,Unknown,Morning,https://images.unsplash.com/photo-1674358596018-5b768ca9cfd1?crop=entropy&cs=tinysrgb&fit=max&fm=jpg&ixid=M3w2NjYyMTV8MHwxfHNlYXJjaHwxfHxUcml2ZW5pJTIwU2FuZ2FtfGVufDB8fHx8MTcyOTI1MTMzMXww&ixlib=rb-4.0.3&q=80&w=400,0
Central,Uttar Pradesh,Jhansi,Jhansi Fort,4.4,Historical,1613,All,https://images.unsplash.com/photo-1710838106550-ac9cf85a2bc7?crop=entropy&cs=tinysrgb&fit=max&fm=jpg&ixid=M3w2NjYyMTV8MHwxfHNlYXJjaHwxfHxKaGFuc2klMjBGb3J0fGVufDB8fHx8MTcyOTI1MTMzMXww&ixlib=rb-4.0.3&q=80&w=400,3
Central,Uttar Pradesh,Sarnath,Dhamek Stupa,4.6,Historical,-500,All,https://images.unsplash.com/photo-1544735716-87fa59a45b4e?crop=entropy&cs=tinysrgb&fit=max&fm=jpg&ixid=M3w2NjYyMTV8MHwxfHNlYXJjaHwxfHxEaGFtZWslMjBTdHVwYXxlbnwwfHx8fDE3MjkyNTEzMzJ8MA&ixlib=rb-4.0.3&q=80&w=400,3
Central,Uttar Pradesh,Fatehpur Sikri,Buland Darwaza,4.4,Historical,1571,Afternoon,https://images.unsplash.com/photo-1717761291791-18f1792e9bae?crop=entropy&cs=tinysrgb&fit=max&fm=jpg&ixid=M3w2NjYyMTV8MHwxfHNlYXJjaHwxfHxCdWxhbmQlMjBEYXJ3YXphfGVufDB8fHx8MTcyOTI1MTMzM3ww&ixlib=rb-4.0.3&q=80&w=400,2
Central,Uttar Pradesh,Noida,Okhla Bird Sanctuary,4.3,Wildlife,1990,All,https://images.unsplash.com/photo-1486365227551-f3f90034a57c?crop=entropy&cs=tinysrgb&fit=max&fm=jpg&ixid=M3w2NjYyMTV8MHwxfHNlYXJjaHwxfHxPa2hsYSUyMEJpcmQlMjBTYW5jdHVhcnl8ZW58MHx8fHwxNzI5MjUxMzMzfDA&ixlib=rb-4.0.3&q=80&w=400,3
Central,Uttar Pradesh,Aligarh,Aligarh Fort,4.1,Historical,1524,Afternoon,https://images.unsplash.com/photo-1635403981075-f639da783aac?crop=entropy&cs=tinysrgb&fit=max&fm=jpg&ixid=M3w2NjYyMTV8MHwxfHNlYXJjaHwxfHxBbGlnYXJoJTIwRm9ydHxlbnwwfHx8fDE3MjkyNTEzMzR8MA&ixlib=rb-4.0.3&q=80&w=400,2
Central,Uttar Pradesh,Meerut,Augarnath Temple,4.8,Religious,Unknown,All,https://images.unsplash.com/photo-1601208443688-c71856b84610?crop=entropy&cs=tinysrgb&fit=max&fm=jpg&ixid=M3w2NjYyMTV8MHwxfHNlYXJjaHwxfHxBdWdhcm5hdGglMjBUZW1wbGV8ZW58MHx8fHwxNzI5MjUxMzM0fDA&ixlib=rb-4.0.3&q=80&w=400,1
Central,Uttar Pradesh,Kanpur,Allen Forest Zoo,4.2,Wildlife,1971,All,https://images.unsplash.com/photo-1448375240586-882707db888b?crop=entropy&cs=tinysrgb&fit=max&fm=jpg&ixid=M3w2NjYyMTV8MHwxfHNlYXJjaHwxfHxBbGxlbiUyMEZvcmVzdCUyMFpvb3xlbnwwfHx8fDE3MjkyNTEzMzV8MA&ixlib=rb-4.0.3&q=80&w=400,3
Northern,Jammu and Kashmir,Srinagar,Dal Lake,4.6,Nature,Unknown,Morning,https://images.unsplash.com/photo-1683557027360-3011046b22bf?crop=entropy&cs=tinysrgb&fit=max&fm=jpg&ixid=M3w2NjYyMTV8MHwxfHNlYXJjaHwxfHxEYWwlMjBMYWtlfGVufDB8fHx8MTcyOTI1MTMzNnww&ixlib=rb-4.0.3&q=80&w=400,0
Northern,Ladakh,Leh,Pangong Tso,4.9,Nature,Unknown,Morning,https://images.unsplash.com/photo-1596715983069-ba14334d6eb7?crop=entropy&cs=tinysrgb&fit=max&fm=jpg&ixid=M3w2NjYyMTV8MHwxfHNlYXJjaHwxfHxQYW5nb25nJTIwVHNvfGVufDB8fHx8MTcyOTI1MTMzNnww&ixlib=rb-4.0.3&q=80&w=400,0
Northern,Jammu and Kashmir,Pahalgam,Betaab Valley,4.6,Nature,Unknown,All,https://images.unsplash.com/photo-1694368906488-aa07d406696e?crop=entropy&cs=tinysrgb&fit=max&fm=jpg&ixid=M3w2NjYyMTV8MHwxfHNlYXJjaHwxfHxCZXRhYWIlMjBWYWxsZXl8ZW58MHx8fHwxNzI5MjUxMzM3fDA&ixlib=rb-4.0.3&q=80&w=400,3
Northern,Jammu and Kashmir,Jammu,Vaishno Devi,4.7,Religious,Unknown,All,https://images.unsplash.com/photo-1717502713522-543a97e13dab?crop=entropy&cs=tinysrgb&fit=max&fm=jpg&ixid=M3w2NjYyMTV8MHwxfHNlYXJjaHwxfHxWYWlzaG5vJTIwRGV2aXxlbnwwfHx8fDE3MjkyNTEzMzh8MA&ixlib=rb-4.0.3&q=80&w=400,1
Northern,Jammu and Kashmir,Udhampur,Patnitop Height,4.1,Recreational,Unknown,All,https://images.unsplash.com/photo-1711091247263-a7a6f2083ec3?crop=entropy&cs=tinysrgb&fit=max&fm=jpg&ixid=M3w2NjYyMTV8MHwxfHNlYXJjaHwxfHxQYXRuaXRvcCUyMEhlaWdodHxlbnwwfHx8fDE3MjkyNTEzMzh8MA&ixlib=rb-4.0.3&q=80&w=400,3
Northern,Jammu and Kashmir,Anantnag,Amarnath Cave,4.5,Religious,Unknown,All,https://images.unsplash.com/photo-1532980216874-21f93fa9fd15?crop=entropy&cs=tinysrgb&fit=max&fm=jpg&ixid=M3w2NjYyMTV8MHwxfHNlYXJjaHwxfHxBbWFybmF0aCUyMENhdmV8ZW58MHx8fHwxNzI5MjUxMzM5fDA&ixlib=rb-4.0.3&q=80&w=400,1
Northern,Ladakh,Leh,Thiksey Monastery,4.7,Religious,1430,All,https://images.unsplash.com/photo-1708949592195-2c2f601a0fcd?crop=entropy&cs=tinysrgb&fit=max&fm=jpg&ixid=M3w2NjYyMTh8MHwxfHNlYXJjaHwxfHxUaGlrc2V5JTIwTW9uYXN0ZXJ5fGVufDB8fHx8MTcyOTI1MTYyNnww&ixlib=rb-4.0.3&q=80&w=400,1
Northern,Ladakh,Nubra Valley,Nubra Valley,4.5,Nature,Unknown,All,https://images.unsplash.com/photo-1686015879096-2d931229edef?crop=entropy&cs=tinysrgb&fit=max&fm=jpg&ixid=M3w2NjYyMTh8MHwxfHNlYXJjaHwxfHxOdWJyYSUyMFZhbGxleXxlbnwwfHx8fDE3MjkyNTE2Mjd8MA&ixlib=rb-4.0.3&q=80&w=400,3
Northern,Ladakh,Kargil,Kargil War Memorial,4.8,Historical,24,All,https://images.unsplash.com/photo-1635187285675-9c49eb39d4e2?crop=entropy&cs=tinysrgb&fit=max&fm=jpg&ixid=M3w2NjYyMTh8MHwxfHNlYXJjaHwxfHxLYXJnaWwlMjBXYXIlMjBNZW1vcmlhbHxlbnwwfHx8fDE3MjkyNTE2Mjd8MA&ixlib=rb-4.0.3&q=80&w=400,3
Northern,Ladakh,Diskit,Diskit Monastery,4.7,Religious,1351,Morning,https://images.unsplash.com/photo-1641739232999-5b2853ba2fff?crop=entropy&cs=tinysrgb&fit=max&fm=jpg&ixid=M3w2NjYyMTh8MHwxfHNlYXJjaHwxfHxEaXNraXQlMjBNb25hc3Rlcnl8ZW58MHx8fHwxNzI5MjUxNjI4fDA&ixlib=rb-4.0.3&q=80&w=400,0
Northern,Jammu and Kashmir,Kishtwar,Kishtwar National Park,4.3,Wildlife,1981,All,https://images.unsplash.com/photo-1686052903991-fedc0903ad4d?crop=entropy&cs=tinysrgb&fit=max&fm=jpg&ixid=M3w2NjYyMTh8MHwxfHNlYXJjaHwxfHxLaXNodHdhciUyME5hdGlvbmFsJTIwUGFya3xlbnwwfHx8fDE3MjkyNTE2Mjl8MA&ixlib=rb-4.0.3&q=80&w=400,3
Northern,Ladakh,Hemis,Hemis National Park,4.4,Wildlife,1981,All,https://images.unsplash.com/photo-1548679367-b9a9bd4cc3e6?crop=entropy&cs=tinysrgb&fit=max&fm=jpg&ixid=M3w2NjYyMTh8MHwxfHNlYXJjaHwxfHxIZW1pcyUyME5hdGlvbmFsJTIwUGFya3xlbnwwfHx8fDE3MjkyNTE2Mjl8MA&ixlib=rb-4.0.3&q=80&w=400,3
Northern,Ladakh,Dras,Dras War Memorial,4.8,Historical,Unknown,All,https://images.unsplash.com/photo-1605092262243-28c74cfc74c7?crop=entropy&cs=tinysrgb&fit=max&fm=jpg&ixid=M3w2NjYyMTh8MHwxfHNlYXJjaHwxfHxEcmFzJTIwV2FyJTIwTWVtb3JpYWx8ZW58MHx8fHwxNzI5MjUxNjMwfDA&ixlib=rb-4.0.3&q=80&w=400,3
Northern,Ladakh,Leh,Magnetic Hill,3.7,Nature,Unknown,All,https://images.unsplash.com/photo-1667186664456-464c1fda29a4?crop=entropy&cs=tinysrgb&fit=max&fm=jpg&ixid=M3w2NjYyMTh8MHwxfHNlYXJjaHwxfHxNYWduZXRpYyUyMEhpbGx8ZW58MHx8fHwxNzI5MjUxNjMxfDA&ixlib=rb-4.0.3&q=80&w=400,3
Northern,Ladakh,Leh,Khardung La Pass,4.5,Adventure,Unknown,Afternoon,https://images.unsplash.com/photo-1560819068-4cbab3589429?crop=entropy&cs=tinysrgb&fit=max&fm=jpg&ixid=M3w2NjYyMTh8MHwxfHNlYXJjaHwxfHxLaGFyZHVuZyUyMExhJTIwUGFzc3xlbnwwfHx8fDE3MjkyNTE2MzF8MA&ixlib=rb-4.0.3&q=80&w=400,2
Northern,Ladakh,Leh,Thiksey Monastery,4.7,Religious,1430,All,https://images.unsplash.com/photo-1708949592195-2c2f601a0fcd?crop=entropy&cs=tinysrgb&fit=max&fm=jpg&ixid=M3w2NjYyMTh8MHwxfHNlYXJjaHwxfHxUaGlrc2V5JTIwTW9uYXN0ZXJ5fGVufDB8fHx8MTcyOTI1MTYyNnww&ixlib=rb-4.0.3&q=80&w=400,1
Central,Uttar Pradesh,Vrindavan,Prem Mandir,4.8,Religious,2012,Evening,https://images.unsplash.com/photo-1662376107358-21296a9234f1?crop=entropy&cs=tinysrgb&fit=max&fm=jpg&ixid=M3w2NjYyMTh8MHwxfHNlYXJjaHwxfHxQcmVtJTIwTWFuZGlyfGVufDB8fHx8MTcyOTI1MTYzMnww&ixlib=rb-4.0.3&q=80&w=400,1
Central,Uttar Pradesh,Porbandar,Kirti Mandir,4.8,Historical,1950,Morning,https://images.unsplash.com/photo-1707938233687-47e61e5ad7c4?crop=entropy&cs=tinysrgb&fit=max&fm=jpg&ixid=M3w2NjYyMTh8MHwxfHNlYXJjaHwxfHxLaXJ0aSUyME1hbmRpcnxlbnwwfHx8fDE3MjkyNTE2MzN8MA&ixlib=rb-4.0.3&q=80&w=400,0
Central,Uttar Pradesh,Mathura,Nand Gaon,4.1,Cultural,Unknown,Morning,https://images.unsplash.com/photo-1713498237268-ecef4d4c5267?crop=entropy&cs=tinysrgb&fit=max&fm=jpg&ixid=M3w2NjYyMTh8MHwxfHNlYXJjaHwxfHxOYW5kJTIwR2FvbnxlbnwwfHx8fDE3MjkyNTE2MzN8MA&ixlib=rb-4.0.3&q=80&w=400,0
Central,Uttar Pradesh,Mathura,Barsana Mandir,4.8,Religious,Unknown,Morning,https://images.unsplash.com/photo-1552924301-0258fd0a3f5b?crop=entropy&cs=tinysrgb&fit=max&fm=jpg&ixid=M3w2NjYyMTh8MHwxfHNlYXJjaHwxfHxCYXJzYW5hJTIwTWFuZGlyfGVufDB8fHx8MTcyOTI1MTYzNHww&ixlib=rb-4.0.3&q=80&w=400,0
Eastern,West Bengal,Darjeeling,Tiger Hill,4.5,Nature,Unknown,All,https://images.unsplash.com/photo-1590077538740-05e44d7b1560?crop=entropy&cs=tinysrgb&fit=max&fm=jpg&ixid=M3w2NjYyMTh8MHwxfHNlYXJjaHwxfHxUaWdlciUyMEhpbGx8ZW58MHx8fHwxNzI5MjUxNjM0fDA&ixlib=rb-4.0.3&q=80&w=400,3
Eastern,West Bengal,Siliguri,Jaldapara National Park,4.4,Wildlife,1941,All,https://images.unsplash.com/photo-1707032943980-2b587cdac9b5?crop=entropy&cs=tinysrgb&fit=max&fm=jpg&ixid=M3w2NjYyMTh8MHwxfHNlYXJjaHwxfHxKYWxkYXBhcmElMjBOYXRpb25hbCUyMFBhcmt8ZW58MHx8fHwxNzI5MjUxNjM1fDA&ixlib=rb-4.0.3&q=80&w=400,3
Eastern,West Bengal,Sundarbans,Sundarbans National Park,4.4,Wildlife,1984,All,https://images.unsplash.com/photo-1686052903991-fedc0903ad4d?crop=entropy&cs=tinysrgb&fit=max&fm=jpg&ixid=M3w2NjYyMTh8MHwxfHNlYXJjaHwxfHxTdW5kYXJiYW5zJTIwTmF0aW9uYWwlMjBQYXJrfGVufDB8fHx8MTcyOTI1MTYzNnww&ixlib=rb-4.0.3&q=80&w=400,3
Eastern,West Bengal,Digha,Digha Beach,4.5,Recreational,Unknown,Morning,https://images.unsplash.com/photo-1706692596084-d1d9cc2efa3f?crop=entropy&cs=tinysrgb&fit=max&fm=jpg&ixid=M3w2NjYyMTh8MHwxfHNlYXJjaHwxfHxEaWdoYSUyMEJlYWNofGVufDB8fHx8MTcyOTI1MTYzN3ww&ixlib=rb-4.0.3&q=80&w=400,0
Eastern,West Bengal,Murshidabad,Hazarduari Palace,4.5,Historical,1837,Morning,https://images.unsplash.com/photo-1622008901874-63e3b05c2819?crop=entropy&cs=tinysrgb&fit=max&fm=jpg&ixid=M3w2NjYyMTh8MHwxfHNlYXJjaHwxfHxIYXphcmR1YXJpJTIwUGFsYWNlfGVufDB8fHx8MTcyOTI1MTYzN3ww&ixlib=rb-4.0.3&q=80&w=400,2
Eastern,West Bengal,Bolpur,Kankalitala Temple,4.7,Religious,Unknown,All,https://images.unsplash.com/photo-1601208443688-c71856b84610?crop=entropy&cs=tinysrgb&fit=max&fm=jpg&ixid=M3w2NjYyMTh8MHwxfHNlYXJjaHwxfHxLYW5rYWxpdGFsYSUyMFRlbXBsZXxlbnwwfHx8fDE3MjkyNTE2Mzh8MA&ixlib=rb-4.0.3&q=80&w=400,1
Eastern,West Bengal,Hooghly,Hangseswari Temple,4.6,Architectural,1814,All,https://images.unsplash.com/photo-1601208443688-c71856b84610?crop=entropy&cs=tinysrgb&fit=max&fm=jpg&ixid=M3w2NjYyMTh8MHwxfHNlYXJjaHwxfHxIYW5nc2Vzd2FyaSUyMFRlbXBsZXxlbnwwfHx8fDE3MjkyNTE2Mzh8MA&ixlib=rb-4.0.3&q=80&w=400,3
Eastern,West Bengal,Jalpaiguri,Gorumara National Park,4.4,Wildlife,1949,All,https://images.unsplash.com/photo-1686052903991-fedc0903ad4d?crop=entropy&cs=tinysrgb&fit=max&fm=jpg&ixid=M3w2NjYyMTh8MHwxfHNlYXJjaHwxfHxHb3J1bWFyYSUyME5hdGlvbmFsJTIwUGFya3xlbnwwfHx8fDE3MjkyNTE2Mzl8MA&ixlib=rb-4.0.3&q=80&w=400,3
Eastern,West Bengal,Cooch Behar,Cooch Behar Palace,4.5,Historical,1887,All,https://images.unsplash.com/photo-1651902519001-ce42cc423eae?crop=entropy&cs=tinysrgb&fit=max&fm=jpg&ixid=M3w2NjYyMTh8MHwxfHNlYXJjaHwxfHxDb29jaCUyMEJlaGFyJTIwUGFsYWNlfGVufDB8fHx8MTcyOTI1MTY0MHww&ixlib=rb-4.0.3&q=80&w=400,3
Eastern,West Bengal,Purulia,Ayodhya Hills,4.5,Nature,Unknown,All,https://images.unsplash.com/photo-1669744665015-33f3a2f657b3?crop=entropy&cs=tinysrgb&fit=max&fm=jpg&ixid=M3w2NjYyMTh8MHwxfHNlYXJjaHwxfHxBeW9kaHlhJTIwSGlsbHN8ZW58MHx8fHwxNzI5MjUxNjQwfDA&ixlib=rb-4.0.3&q=80&w=400,3
Eastern,Odisha,Puri,Jagannath Temple,4.7,Religious,12th century,All,https://images.unsplash.com/photo-1706790574525-d218c4c52b5c?crop=entropy&cs=tinysrgb&fit=max&fm=jpg&ixid=M3w2NjYyMTh8MHwxfHNlYXJjaHwxfHxKYWdhbm5hdGglMjBUZW1wbGV8ZW58MHx8fHwxNzI5MjUxNjQxfDA&ixlib=rb-4.0.3&q=80&w=400,1
Eastern,Odisha,Konark,Sun Temple,4.7,Historical,1250,All,https://images.unsplash.com/photo-1663762440020-fbda6f96a681?crop=entropy&cs=tinysrgb&fit=max&fm=jpg&ixid=M3w2NjYyMTh8MHwxfHNlYXJjaHwxfHxTdW4lMjBUZW1wbGV8ZW58MHx8fHwxNzI5MjUxNjQyfDA&ixlib=rb-4.0.3&q=80&w=400,3
Eastern,Odisha,Bhubaneswar,Lingaraj Temple,4.6,Religious,11th century,All,https://images.unsplash.com/photo-1601208443688-c71856b84610?crop=entropy&cs=tinysrgb&fit=max&fm=jpg&ixid=M3w2NjYyMTh8MHwxfHNlYXJjaHwxfHxMaW5nYXJhaiUyMFRlbXBsZXxlbnwwfHx8fDE3MjkyNTE2NDN8MA&ixlib=rb-4.0.3&q=80&w=400,1
Eastern,Odisha,Rourkela,Khandadhar Waterfall,4.5,Nature,Unknown,All,https://images.unsplash.com/photo-1433086966358-54859d0ed716?crop=entropy&cs=tinysrgb&fit=max&fm=jpg&ixid=M3w2NjYyMTh8MHwxfHNlYXJjaHwxfHxLaGFuZGFkaGFyJTIwV2F0ZXJmYWxsfGVufDB8fHx8MTcyOTI1MTY0M3ww&ixlib=rb-4.0.3&q=80&w=400,3
Eastern,Odisha,Cuttack,Barabati Fort,4.5,Historical,-987,All,https://images.unsplash.com/photo-1710838106550-ac9cf85a2bc7?crop=entropy&cs=tinysrgb&fit=max&fm=jpg&ixid=M3w2NjYyMTh8MHwxfHNlYXJjaHwxfHxCYXJhYmF0aSUyMEZvcnR8ZW58MHx8fHwxNzI5MjUxNjQ0fDA&ixlib=rb-4.0.3&q=80&w=400,3
Eastern,Odisha,Sambalpur,Hirakud Dam,4.5,Engineering Marvel,1957,All,https://images.unsplash.com/photo-1648108087329-ad4f20316b31?crop=entropy&cs=tinysrgb&fit=max&fm=jpg&ixid=M3w2NjYyMTh8MHwxfHNlYXJjaHwxfHxIaXJha3VkJTIwRGFtfGVufDB8fHx8MTcyOTI1MTY0NHww&ixlib=rb-4.0.3&q=80&w=400,3
Eastern,Odisha,Chilika,Chilika Lake,3.9,Nature,Unknown,Morning,https://images.unsplash.com/photo-1728209919338-c053bde25c95?crop=entropy&cs=tinysrgb&fit=max&fm=jpg&ixid=M3w2NjYyMTh8MHwxfHNlYXJjaHwxfHxDaGlsaWthJTIwTGFrZXxlbnwwfHx8fDE3MjkyNTE2NDV8MA&ixlib=rb-4.0.3&q=80&w=400,0
Eastern,Odisha,Berhampur,Tara Tarini Temple,4.6,Religious,Ancient,All,https://images.unsplash.com/photo-1601208443688-c71856b84610?crop=entropy&cs=tinysrgb&fit=max&fm=jpg&ixid=M3w2NjYyMTh8MHwxfHNlYXJjaHwxfHxUYXJhJTIwVGFyaW5pJTIwVGVtcGxlfGVufDB8fHx8MTcyOTI1MTY0Nnww&ixlib=rb-4.0.3&q=80&w=400,1
Eastern,Odisha,Keonjhar,Badaghagara Waterfall,4.3,Nature,Unknown,Morning,https://images.unsplash.com/photo-1433086966358-54859d0ed716?crop=entropy&cs=tinysrgb&fit=max&fm=jpg&ixid=M3w2NjYyMTh8MHwxfHNlYXJjaHwxfHxCYWRhZ2hhZ2FyYSUyMFdhdGVyZmFsbHxlbnwwfHx8fDE3MjkyNTE2NDZ8MA&ixlib=rb-4.0.3&q=80&w=400,0
Eastern,Odisha,Balasore,Chandipur Beach,4.2,Recreational,Unknown,Morning,https://images.unsplash.com/photo-1696022907860-7f54474c495a?crop=entropy&cs=tinysrgb&fit=max&fm=jpg&ixid=M3w2NjYyMTh8MHwxfHNlYXJjaHwxfHxDaGFuZGlwdXIlMjBCZWFjaHxlbnwwfHx8fDE3MjkyNTE2NDd8MA&ixlib=rb-4.0.3&q=80&w=400,0
Eastern,Odisha,Kendujhar,Sanaghagara Waterfall,4.4,Nature,Unknown,All,https://images.unsplash.com/photo-1433086966358-54859d0ed716?crop=entropy&cs=tinysrgb&fit=max&fm=jpg&ixid=M3w2NjYyMTh8MHwxfHNlYXJjaHwxfHxTYW5hZ2hhZ2FyYSUyMFdhdGVyZmFsbHxlbnwwfHx8fDE3MjkyNTE2NDd8MA&ixlib=rb-4.0.3&q=80&w=400,3
Southern,Tamil Nadu,Chennai,Marina Beach,3.9,Recreational,Unknown,Morning,https://images.unsplash.com/photo-1590501554850-036634f8fdc8?crop=entropy&cs=tinysrgb&fit=max&fm=jpg&ixid=M3w2NjYyMTh8MHwxfHNlYXJjaHwxfHxNYXJpbmElMjBCZWFjaHxlbnwwfHx8fDE3MjkyNTE2NDh8MA&ixlib=rb-4.0.3&q=80&w=400,0
Southern,Tamil Nadu,Madurai,Meenakshi Amman Temple,4.7,Religious,6th century AD,All,https://images.unsplash.com/photo-1692173248120-59547c3d4653?crop=entropy&cs=tinysrgb&fit=max&fm=jpg&ixid=M3w2NjYyMTh8MHwxfHNlYXJjaHwxfHxNZWVuYWtzaGklMjBBbW1hbiUyMFRlbXBsZXxlbnwwfHx8fDE3MjkyNTE2NDl8MA&ixlib=rb-4.0.3&q=80&w=400,1
Southern,Tamil Nadu,Rameswaram,Ramanathaswamy Temple,4.6,Religious,12th century,All,https://images.unsplash.com/photo-1601208443688-c71856b84610?crop=entropy&cs=tinysrgb&fit=max&fm=jpg&ixid=M3w2NjYyMTh8MHwxfHNlYXJjaHwxfHxSYW1hbmF0aGFzd2FteSUyMFRlbXBsZXxlbnwwfHx8fDE3MjkyNTE2NDl8MA&ixlib=rb-4.0.3&q=80&w=400,1
Southern,Tamil Nadu,Kanyakumari,Vivekananda Rock Memorial,4.6,Historical,1970,Morning,https://images.unsplash.com/photo-1708018947954-31558fdccbb0?crop=entropy&cs=tinysrgb&fit=max&fm=jpg&ixid=M3w2NjYyMTh8MHwxfHNlYXJjaHwxfHxWaXZla2FuYW5kYSUyMFJvY2slMjBNZW1vcmlhbHxlbnwwfHx8fDE3MjkyNTE2NTB8MA&ixlib=rb-4.0.3&q=80&w=400,0
Southern,Tamil Nadu,Ooty,Ooty Lake,4.1,Recreational,1824,Morning,https://images.unsplash.com/photo-1711553186754-0cfbdfe38b8d?crop=entropy&cs=tinysrgb&fit=max&fm=jpg&ixid=M3w2NjYyMTh8MHwxfHNlYXJjaHwxfHxPb3R5JTIwTGFrZXxlbnwwfHx8fDE3MjkyNTE2NTB8MA&ixlib=rb-4.0.3&q=80&w=400,0
Southern,Tamil Nadu,Coimbatore,Marudamalai Temple,4.7,Religious,12th century,All,https://images.unsplash.com/photo-1601208443688-c71856b84610?crop=entropy&cs=tinysrgb&fit=max&fm=jpg&ixid=M3w2NjYyMTh8MHwxfHNlYXJjaHwxfHxNYXJ1ZGFtYWxhaSUyMFRlbXBsZXxlbnwwfHx8fDE3MjkyNTE2NTF8MA&ixlib=rb-4.0.3&q=80&w=400,1
Southern,Tamil Nadu,Kodaikanal,Kodaikanal Lake,3.9,Recreational,1863,Morning,https://images.unsplash.com/photo-1619020933389-e96f49742bce?crop=entropy&cs=tinysrgb&fit=max&fm=jpg&ixid=M3w2NjYyMTh8MHwxfHNlYXJjaHwxfHxLb2RhaWthbmFsJTIwTGFrZXxlbnwwfHx8fDE3MjkyNTE2NTJ8MA&ixlib=rb-4.0.3&q=80&w=400,0
Southern,Tamil Nadu,Thanjavur,Brihadeeswarar Temple,4.8,Religious,110,All,https://images.unsplash.com/photo-1686310894901-d326b8722c13?crop=entropy&cs=tinysrgb&fit=max&fm=jpg&ixid=M3w2NjYyMTh8MHwxfHNlYXJjaHwxfHxCcmloYWRlZXN3YXJhciUyMFRlbXBsZXxlbnwwfHx8fDE3MjkyNTE2NTJ8MA&ixlib=rb-4.0.3&q=80&w=400,1
Southern,Tamil Nadu,Mahabalipuram,Shore Temple,4.6,Historical,7th century,All,https://images.unsplash.com/photo-1717425137864-8598dab00307?crop=entropy&cs=tinysrgb&fit=max&fm=jpg&ixid=M3w2NjYyMTh8MHwxfHNlYXJjaHwxfHxTaG9yZSUyMFRlbXBsZXxlbnwwfHx8fDE3MjkyNTE2NTN8MA&ixlib=rb-4.0.3&q=80&w=400,3
Southern,Tamil Nadu,Yercaud,Yercaud Lake,4.2,Recreational,Unknown,Morning,https://images.unsplash.com/photo-1679847211282-3ae4b006955e?crop=entropy&cs=tinysrgb&fit=max&fm=jpg&ixid=M3w2NjYyMTh8MHwxfHNlYXJjaHwxfHxZZXJjYXVkJTIwTGFrZXxlbnwwfHx8fDE3MjkyNTE2NTR8MA&ixlib=rb-4.0.3&q=80&w=400,0
Southern,Tamil Nadu,Tirunelveli,Nellaiappar Temple,4.6,Religious,7th century,All,https://images.unsplash.com/photo-1601208443688-c71856b84610?crop=entropy&cs=tinysrgb&fit=max&fm=jpg&ixid=M3w2NjYyMTh8MHwxfHNlYXJjaHwxfHxOZWxsYWlhcHBhciUyMFRlbXBsZXxlbnwwfHx8fDE3MjkyNTE2NTR8MA&ixlib=rb-4.0.3&q=80&w=400,1
Southern,Tamil Nadu,Chidambaram,Nataraja Temple,4.7,Religious,10th century,All,https://images.unsplash.com/photo-1601208443688-c71856b84610?crop=entropy&cs=tinysrgb&fit=max&fm=jpg&ixid=M3w2NjYyMTh8MHwxfHNlYXJjaHwxfHxOYXRhcmFqYSUyMFRlbXBsZXxlbnwwfHx8fDE3MjkyNTE2NTV8MA&ixlib=rb-4.0.3&q=80&w=400,1
Southern,Andhra Pradesh,Vijayawada,Kanaka Durga Temple,4.7,Religious,Unknown,All,https://images.unsplash.com/photo-1601208443688-c71856b84610?crop=entropy&cs=tinysrgb&fit=max&fm=jpg&ixid=M3w2NjYyMTh8MHwxfHNlYXJjaHwxfHxLYW5ha2ElMjBEdXJnYSUyMFRlbXBsZXxlbnwwfHx8fDE3MjkyNTE2NTV8MA&ixlib=rb-4.0.3&q=80&w=400,1
Southern,Andhra Pradesh,Visakhapatnam,Rishikonda Beach,4.5,Recreational,Unknown,Morning,https://images.unsplash.com/photo-1507525428034-b723cf961d3e?crop=entropy&cs=tinysrgb&fit=max&fm=jpg&ixid=M3w2NjYyMTh8MHwxfHNlYXJjaHwxfHxSaXNoaWtvbmRhJTIwQmVhY2h8ZW58MHx8fHwxNzI5MjUxNjU2fDA&ixlib=rb-4.0.3&q=80&w=400,0
Southern,Andhra Pradesh,Srisailam,Mallikarjuna Swamy Temple,4.7,Religious,14th century,All,https://images.unsplash.com/photo-1601208443688-c71856b84610?crop=entropy&cs=tinysrgb&fit=max&fm=jpg&ixid=M3w2NjYyMTh8MHwxfHNlYXJjaHwxfHxNYWxsaWthcmp1bmElMjBTd2FteSUyMFRlbXBsZXxlbnwwfHx8fDE3MjkyNTE2NTd8MA&ixlib=rb-4.0.3&q=80&w=400,1
Southern,Andhra Pradesh,Rajahmundry,Papikondalu,4.3,Nature,Unknown,All,https://images.unsplash.com/photo-1587163053792-6e8af01f01ac?crop=entropy&cs=tinysrgb&fit=max&fm=jpg&ixid=M3w2NjYyMjB8MHwxfHNlYXJjaHwxfHxQYXBpa29uZGFsdXxlbnwwfHx8fDE3MjkyNTE5OTd8MA&ixlib=rb-4.0.3&q=80&w=400,3
Southern,Andhra Pradesh,Anantapur,Lepakshi,4.6,Historical,16th century,All,https://images.unsplash.com/photo-1656311882834-e5e7909f5fcf?crop=entropy&cs=tinysrgb&fit=max&fm=jpg&ixid=M3w2NjYyMjB8MHwxfHNlYXJjaHwxfHxMZXBha3NoaXxlbnwwfHx8fDE3MjkyNTE5OTh8MA&ixlib=rb-4.0.3&q=80&w=400,3
Southern,Andhra Pradesh,Kurnool,Belum Caves,4.4,Natural Wonder,Unknown,Afternoon,https://images.unsplash.com/photo-1627827776375-67633d8d2f45?crop=entropy&cs=tinysrgb&fit=max&fm=jpg&ixid=M3w2NjYyMjB8MHwxfHNlYXJjaHwxfHxCZWx1bSUyMENhdmVzfGVufDB8fHx8MTcyOTI1MTk5OXww&ixlib=rb-4.0.3&q=80&w=400,2
Southern,Andhra Pradesh,Amravati,Amaravathi Temple,4.7,Religious,Unknown,All,https://images.unsplash.com/photo-1601208443688-c71856b84610?crop=entropy&cs=tinysrgb&fit=max&fm=jpg&ixid=M3w2NjYyMjB8MHwxfHNlYXJjaHwxfHxBbWFyYXZhdGhpJTIwVGVtcGxlfGVufDB8fHx8MTcyOTI1MTk5OXww&ixlib=rb-4.0.3&q=80&w=400,1
Southern,Andhra Pradesh,Guntur,Uppalapadu Bird Sanctuary,4.4,Wildlife,Unknown,All,https://images.unsplash.com/photo-1486365227551-f3f90034a57c?crop=entropy&cs=tinysrgb&fit=max&fm=jpg&ixid=M3w2NjYyMjB8MHwxfHNlYXJjaHwxfHxVcHBhbGFwYWR1JTIwQmlyZCUyMFNhbmN0dWFyeXxlbnwwfHx8fDE3MjkyNTIwMDB8MA&ixlib=rb-4.0.3&q=80&w=400,3
Southern,Andhra Pradesh,Kadapa,Gandikota Fort,4.5,Historical,12th century,Morning,https://images.unsplash.com/photo-1669221604464-d60c06921100?crop=entropy&cs=tinysrgb&fit=max&fm=jpg&ixid=M3w2NjYyMjB8MHwxfHNlYXJjaHwxfHxHYW5kaWtvdGElMjBGb3J0fGVufDB8fHx8MTcyOTI1MjAwMXww&ixlib=rb-4.0.3&q=80&w=400,0
Southern,Andhra Pradesh,Puttaparthi,Prasanthi Nilayam,4.7,Religious,1950,All,Not Defined,1
Southern,Andhra Pradesh,Vizianagaram,Simhachalam Temple,4.7,Religious,198,All,https://images.unsplash.com/photo-1601208443688-c71856b84610?crop=entropy&cs=tinysrgb&fit=max&fm=jpg&ixid=M3w2NjYyMjB8MHwxfHNlYXJjaHwxfHxTaW1oYWNoYWxhbSUyMFRlbXBsZXxlbnwwfHx8fDE3MjkyNTIwMDJ8MA&ixlib=rb-4.0.3&q=80&w=400,1
Southern,Andhra Pradesh,Visakhapatnam,Kailasagiri,4.5,Recreational,Unknown,All,https://images.unsplash.com/photo-1710237893364-ff94968aa034?crop=entropy&cs=tinysrgb&fit=max&fm=jpg&ixid=M3w2NjYyMjB8MHwxfHNlYXJjaHwxfHxLYWlsYXNhZ2lyaXxlbnwwfHx8fDE3MjkyNTIwMDJ8MA&ixlib=rb-4.0.3&q=80&w=400,3
Southern,Andhra Pradesh,Visakhapatnam,Submarine Museum,4.6,Historical,22,All,https://images.unsplash.com/photo-1622374634342-fd08ced47ba3?crop=entropy&cs=tinysrgb&fit=max&fm=jpg&ixid=M3w2NjYyMjB8MHwxfHNlYXJjaHwxfHxTdWJtYXJpbmUlMjBNdXNldW18ZW58MHx8fHwxNzI5MjUyMDAzfDA&ixlib=rb-4.0.3&q=80&w=400,3
Southern,Andhra Pradesh,Visakhapatnam,Borra Caves,4.5,Natural Wonder,Unknown,Afternoon,https://images.unsplash.com/photo-1627827776375-67633d8d2f45?crop=entropy&cs=tinysrgb&fit=max&fm=jpg&ixid=M3w2NjYyMjB8MHwxfHNlYXJjaHwxfHxCb3JyYSUyMENhdmVzfGVufDB8fHx8MTcyOTI1MjAwM3ww&ixlib=rb-4.0.3&q=80&w=400,2
Southern,Andhra Pradesh,Visakhapatnam,War Memorial,4.6,Historical,Unknown,All,https://images.unsplash.com/photo-1531911847154-f25129c1fb8a?crop=entropy&cs=tinysrgb&fit=max&fm=jpg&ixid=M3w2NjYyMjB8MHwxfHNlYXJjaHwxfHxXYXIlMjBNZW1vcmlhbHxlbnwwfHx8fDE3MjkyNTIwMDR8MA&ixlib=rb-4.0.3&q=80&w=400,3
Southern,Andhra Pradesh,Visakhapatnam,Indira Gandhi Zoological Park,4.1,Wildlife,1977,Afternoon,https://images.unsplash.com/photo-1581160623631-b76fb70a654b?crop=entropy&cs=tinysrgb&fit=max&fm=jpg&ixid=M3w2NjYyMjB8MHwxfHNlYXJjaHwxfHxJbmRpcmElMjBHYW5kaGklMjBab29sb2dpY2FsJTIwUGFya3xlbnwwfHx8fDE3MjkyNTIwMDV8MA&ixlib=rb-4.0.3&q=80&w=400,2
Southern,Andhra Pradesh,Visakhapatnam,Matsyadarshini Aquarium,3.8,Recreational,Unknown,All,https://images.unsplash.com/photo-1526246720181-e77abee68e83?crop=entropy&cs=tinysrgb&fit=max&fm=jpg&ixid=M3w2NjYyMjB8MHwxfHNlYXJjaHwxfHxNYXRzeWFkYXJzaGluaSUyMEFxdWFyaXVtfGVufDB8fHx8MTcyOTI1MjAwNXww&ixlib=rb-4.0.3&q=80&w=400,3
Southern,Andhra Pradesh,Visakhapatnam,Visakha Museum,4.3,Cultural,1991,All,https://images.unsplash.com/photo-1708317751164-f2d2b5f5000f?crop=entropy&cs=tinysrgb&fit=max&fm=jpg&ixid=M3w2NjYyMjB8MHwxfHNlYXJjaHwxfHxWaXNha2hhJTIwTXVzZXVtfGVufDB8fHx8MTcyOTI1MjAwNnww&ixlib=rb-4.0.3&q=80&w=400,3
Eastern,Sikkim,Gangtok,Nathula Pass,4.3,Historical,Unknown,Afternoon,https://images.unsplash.com/photo-1697561832430-daebcb737292?crop=entropy&cs=tinysrgb&fit=max&fm=jpg&ixid=M3w2NjYyMjB8MHwxfHNlYXJjaHwxfHxOYXRodWxhJTIwUGFzc3xlbnwwfHx8fDE3MjkyNTIwMDd8MA&ixlib=rb-4.0.3&q=80&w=400,2
Eastern,Sikkim,Pelling,Pemayangtse Monastery,4.6,Religious,1705,Morning,https://images.unsplash.com/photo-1721884487025-e3e222fda389?crop=entropy&cs=tinysrgb&fit=max&fm=jpg&ixid=M3w2NjYyMjB8MHwxfHNlYXJjaHwxfHxQZW1heWFuZ3RzZSUyME1vbmFzdGVyeXxlbnwwfHx8fDE3MjkyNTIwMDd8MA&ixlib=rb-4.0.3&q=80&w=400,0
Eastern,Sikkim,Namchi,Char Dham,4.7,Religious,211,All,https://images.unsplash.com/photo-1728769594167-2cd3ee828ec0?crop=entropy&cs=tinysrgb&fit=max&fm=jpg&ixid=M3w2NjYyMjB8MHwxfHNlYXJjaHwxfHxDaGFyJTIwRGhhbXxlbnwwfHx8fDE3MjkyNTIwMDh8MA&ixlib=rb-4.0.3&q=80&w=400,1
Eastern,Sikkim,Gangtok,Rumtek Monastery,4.6,Religious,1960s,Morning,https://images.unsplash.com/photo-1719820911779-8f59e7e140fb?crop=entropy&cs=tinysrgb&fit=max&fm=jpg&ixid=M3w2NjYyMjB8MHwxfHNlYXJjaHwxfHxSdW10ZWslMjBNb25hc3Rlcnl8ZW58MHx8fHwxNzI5MjUyMDA4fDA&ixlib=rb-4.0.3&q=80&w=400,0
Eastern,Sikkim,Ravangla,Buddha Park,4.8,Cultural,213,All,https://images.unsplash.com/photo-1573398643424-3c49652d7756?crop=entropy&cs=tinysrgb&fit=max&fm=jpg&ixid=M3w2NjYyMjB8MHwxfHNlYXJjaHwxfHxCdWRkaGElMjBQYXJrfGVufDB8fHx8MTcyOTI1MjAwOXww&ixlib=rb-4.0.3&q=80&w=400,3
Eastern,Sikkim,Gangtok,Baba Harbhajan Singh Temple,4.7,Religious,1967,All,https://images.unsplash.com/photo-1601208443688-c71856b84610?crop=entropy&cs=tinysrgb&fit=max&fm=jpg&ixid=M3w2NjYyMjB8MHwxfHNlYXJjaHwxfHxCYWJhJTIwSGFyYmhhamFuJTIwU2luZ2glMjBUZW1wbGV8ZW58MHx8fHwxNzI5MjUyMDEwfDA&ixlib=rb-4.0.3&q=80&w=400,1
Eastern,Sikkim,Gangtok,Tsomgo Lake,4.5,Nature,Unknown,Morning,https://images.unsplash.com/photo-1677235818717-7ff1d91cc8b5?crop=entropy&cs=tinysrgb&fit=max&fm=jpg&ixid=M3w2NjYyMjB8MHwxfHNlYXJjaHwxfHxUc29tZ28lMjBMYWtlfGVufDB8fHx8MTcyOTI1MjAxMHww&ixlib=rb-4.0.3&q=80&w=400,0
North Eastern,Assam,Guwahati,Kamakhya Temple,4.6,Religious,Unknown,All,https://images.unsplash.com/photo-1514353879391-1955f4b5e976?crop=entropy&cs=tinysrgb&fit=max&fm=jpg&ixid=M3w2NjYyMjB8MHwxfHNlYXJjaHwxfHxLYW1ha2h5YSUyMFRlbXBsZXxlbnwwfHx8fDE3MjkyNTIwMTF8MA&ixlib=rb-4.0.3&q=80&w=400,1
North Eastern,Assam,Kaziranga,Kaziranga National Park,4.5,Wildlife,1905,Morning,https://images.unsplash.com/photo-1675296098616-53e3d4a1dd57?crop=entropy&cs=tinysrgb&fit=max&fm=jpg&ixid=M3w2NjYyMjB8MHwxfHNlYXJjaHwxfHxLYXppcmFuZ2ElMjBOYXRpb25hbCUyMFBhcmt8ZW58MHx8fHwxNzI5MjUyMDEyfDA&ixlib=rb-4.0.3&q=80&w=400,0
North Eastern,Assam,Guwahati,Umananda Island,4.1,Nature,Unknown,Morning,https://images.unsplash.com/photo-1502085671122-2d218cd434e6?crop=entropy&cs=tinysrgb&fit=max&fm=jpg&ixid=M3w2NjYyMjB8MHwxfHNlYXJjaHwxfHxVbWFuYW5kYSUyMElzbGFuZHxlbnwwfHx8fDE3MjkyNTIwMTJ8MA&ixlib=rb-4.0.3&q=80&w=400,0
North Eastern,Assam,Sivasagar,Sivasagar Sivadol,4.7,Historical,1734,All,https://images.unsplash.com/photo-1589809699098-edc3b6f27b49?crop=entropy&cs=tinysrgb&fit=max&fm=jpg&ixid=M3w2NjYyMjB8MHwxfHNlYXJjaHwxfHxTaXZhc2FnYXIlMjBTaXZhZG9sfGVufDB8fHx8MTcyOTI1MjAxM3ww&ixlib=rb-4.0.3&q=80&w=400,3
North Eastern,Assam,Majuli,Majuli Island,4.7,Cultural,Unknown,Morning,https://images.unsplash.com/photo-1502085671122-2d218cd434e6?crop=entropy&cs=tinysrgb&fit=max&fm=jpg&ixid=M3w2NjYyMjB8MHwxfHNlYXJjaHwxfHxNYWp1bGklMjBJc2xhbmR8ZW58MHx8fHwxNzI5MjUyMDEzfDA&ixlib=rb-4.0.3&q=80&w=400,0
North Eastern,Assam,Manas,Manas National Park,4.6,Wildlife,1990,Morning,https://images.unsplash.com/photo-1621994805847-2131d879e6f0?crop=entropy&cs=tinysrgb&fit=max&fm=jpg&ixid=M3w2NjYyMjB8MHwxfHNlYXJjaHwxfHxNYW5hcyUyME5hdGlvbmFsJTIwUGFya3xlbnwwfHx8fDE3MjkyNTIwMTR8MA&ixlib=rb-4.0.3&q=80&w=400,0
North Eastern,Assam,Hajo,Hayagriva Madhava Temple,4.5,Religious,Unknown,All,https://images.unsplash.com/photo-1601208443688-c71856b84610?crop=entropy&cs=tinysrgb&fit=max&fm=jpg&ixid=M3w2NjYyMjB8MHwxfHNlYXJjaHwxfHxIYXlhZ3JpdmElMjBNYWRoYXZhJTIwVGVtcGxlfGVufDB8fHx8MTcyOTI1MjAxNXww&ixlib=rb-4.0.3&q=80&w=400,1
North Eastern,Assam,Guwahati,Pobitora Wildlife Sanctuary,4.4,Wildlife,1987,All,https://images.unsplash.com/photo-1516934024742-b461fba47600?crop=entropy&cs=tinysrgb&fit=max&fm=jpg&ixid=M3w2NjYyMjB8MHwxfHNlYXJjaHwxfHxQb2JpdG9yYSUyMFdpbGRsaWZlJTIwU2FuY3R1YXJ5fGVufDB8fHx8MTcyOTI1MjAxNXww&ixlib=rb-4.0.3&q=80&w=400,3
North Eastern,Arunachal Pradesh,Tawang,Tawang Monastery,4.7,Religious,1680,Morning,https://images.unsplash.com/photo-1551461955-89b43c8f4b2f?crop=entropy&cs=tinysrgb&fit=max&fm=jpg&ixid=M3w2NjYyMjB8MHwxfHNlYXJjaHwxfHxUYXdhbmclMjBNb25hc3Rlcnl8ZW58MHx8fHwxNzI5MjUyMDE2fDA&ixlib=rb-4.0.3&q=80&w=400,0
North Eastern,Tripura,Agartala,Ujjayanta Palace,4.5,Historical,1901,All,https://images.unsplash.com/photo-1651902519001-ce42cc423eae?crop=entropy&cs=tinysrgb&fit=max&fm=jpg&ixid=M3w2NjYyMjB8MHwxfHNlYXJjaHwxfHxVampheWFudGElMjBQYWxhY2V8ZW58MHx8fHwxNzI5MjUyMDE3fDA&ixlib=rb-4.0.3&q=80&w=400,3
North Eastern,Tripura,Dumboor,Dumboor Lake,4.5,Nature,Unknown,Morning,https://images.unsplash.com/photo-1660541545804-76d7acd1ffc9?crop=entropy&cs=tinysrgb&fit=max&fm=jpg&ixid=M3w2NjYyMjB8MHwxfHNlYXJjaHwxfHxEdW1ib29yJTIwTGFrZXxlbnwwfHx8fDE3MjkyNTIwMTd8MA&ixlib=rb-4.0.3&q=80&w=400,0
North Eastern,Tripura,Unakoti,Unakoti Rock Carvings,4.5,Historical,700,Morning,https://images.unsplash.com/photo-1444312645910-ffa973656eba?crop=entropy&cs=tinysrgb&fit=max&fm=jpg&ixid=M3w2NjYyMjB8MHwxfHNlYXJjaHwxfHxVbmFrb3RpJTIwUm9jayUyMENhcnZpbmdzfGVufDB8fHx8MTcyOTI1MjAxOHww&ixlib=rb-4.0.3&q=80&w=400,0
Central,Chhattisgarh,Bastar,Chitrakote Falls,4.6,Nature,Unknown,Morning,https://images.unsplash.com/photo-1533811668780-8d4ddf8a31e8?crop=entropy&cs=tinysrgb&fit=max&fm=jpg&ixid=M3w2NjYyMjB8MHwxfHNlYXJjaHwxfHxDaGl0cmFrb3RlJTIwRmFsbHN8ZW58MHx8fHwxNzI5MjUyMDE5fDA&ixlib=rb-4.0.3&q=80&w=400,0
North Eastern,Nagaland,Dzkou Valley,Dzkou Valley,4.7,Trekking,Unknown,Afternoon,https://images.unsplash.com/photo-1590415433359-851e8287150a?crop=entropy&cs=tinysrgb&fit=max&fm=jpg&ixid=M3w2NjYyMjB8MHwxfHNlYXJjaHwxfHxEeiVDMyVCQ2tvdSUyMFZhbGxleXxlbnwwfHx8fDE3MjkyNTIwMTl8MA&ixlib=rb-4.0.3&q=80&w=400,2
Southern,Puducherry,Puducherry,Promenade Beach,4.5,Recreational,Unknown,Morning,https://images.unsplash.com/photo-1606921916293-8a5ef606c20c?crop=entropy&cs=tinysrgb&fit=max&fm=jpg&ixid=M3w2NjYyMjB8MHwxfHNlYXJjaHwxfHxQcm9tZW5hZGUlMjBCZWFjaHxlbnwwfHx8fDE3MjkyNTIwMjB8MA&ixlib=rb-4.0.3&q=80&w=400,0
Southern,Puducherry,Auroville,Auroville,4.1,Cultural,1968,All,https://images.unsplash.com/photo-1709817243586-6ddd4e6822c1?crop=entropy&cs=tinysrgb&fit=max&fm=jpg&ixid=M3w2NjYyMjB8MHwxfHNlYXJjaHwxfHxBdXJvdmlsbGV8ZW58MHx8fHwxNzI5MjUyMDIxfDA&ixlib=rb-4.0.3&q=80&w=400,3
Southern,Puducherry,Puducherry,Paradise Beach,4.5,Recreational,Unknown,Morning,https://images.unsplash.com/photo-1584485031227-0ffe132a182d?crop=entropy&cs=tinysrgb&fit=max&fm=jpg&ixid=M3w2NjYyMjB8MHwxfHNlYXJjaHwxfHxQYXJhZGlzZSUyMEJlYWNofGVufDB8fHx8MTcyOTI1MjAyMXww&ixlib=rb-4.0.3&q=80&w=400,0
Southern,Andaman and Nicobar Islands,Port Blair,Cellular Jail,4.7,Historical,1906,Afternoon,https://images.unsplash.com/photo-1630569688747-0e3b60f6430f?crop=entropy&cs=tinysrgb&fit=max&fm=jpg&ixid=M3w2NjYyMjB8MHwxfHNlYXJjaHwxfHxDZWxsdWxhciUyMEphaWx8ZW58MHx8fHwxNzI5MjUyMDIyfDA&ixlib=rb-4.0.3&q=80&w=400,2
Southern,Andaman and Nicobar Islands,Havelock Island,Radhanagar Beach,4.8,Nature,Unknown,Morning,https://images.unsplash.com/photo-1599325601183-042bed55081c?crop=entropy&cs=tinysrgb&fit=max&fm=jpg&ixid=M3w2NjYyMjB8MHwxfHNlYXJjaHwxfHxSYWRoYW5hZ2FyJTIwQmVhY2h8ZW58MHx8fHwxNzI5MjUyMDIzfDA&ixlib=rb-4.0.3&q=80&w=400,0
Southern,Andaman and Nicobar Islands,Neil Island,Bharatpur Beach,4.5,Nature,Unknown,Morning,https://images.unsplash.com/photo-1507525428034-b723cf961d3e?crop=entropy&cs=tinysrgb&fit=max&fm=jpg&ixid=M3w2NjYyMjB8MHwxfHNlYXJjaHwxfHxCaGFyYXRwdXIlMjBCZWFjaHxlbnwwfHx8fDE3MjkyNTIwMjR8MA&ixlib=rb-4.0.3&q=80&w=400,0
Southern,Andaman and Nicobar Islands,Baratang Island,Limestone Caves,4.4,Nature,Unknown,Morning,https://images.unsplash.com/photo-1562663859-6550c0c10f08?crop=entropy&cs=tinysrgb&fit=max&fm=jpg&ixid=M3w2NjYyMjB8MHwxfHNlYXJjaHwxfHxMaW1lc3RvbmUlMjBDYXZlc3xlbnwwfHx8fDE3MjkyNTIwMjR8MA&ixlib=rb-4.0.3&q=80&w=400,0
Western,Daman and Diu,Diu,Naida Caves,4.5,Nature,Unknown,Afternoon,https://images.unsplash.com/photo-1557554524-abfa03eaa169?crop=entropy&cs=tinysrgb&fit=max&fm=jpg&ixid=M3w2NjYyMjB8MHwxfHNlYXJjaHwxfHxOYWlkYSUyMENhdmVzfGVufDB8fHx8MTcyOTI1MjAyNXww&ixlib=rb-4.0.3&q=80&w=400,2
Western,Daman and Diu,Diu,Diu Fort,4.6,Historical,1535,Afternoon,https://images.unsplash.com/photo-1569776186059-f26b84be14b0?crop=entropy&cs=tinysrgb&fit=max&fm=jpg&ixid=M3w2NjYyMjB8MHwxfHNlYXJjaHwxfHxEaXUlMjBGb3J0fGVufDB8fHx8MTcyOTI1MjAyNXww&ixlib=rb-4.0.3&q=80&w=400,2
Eastern,Jharkhand,Deoghar,Baba Baidyanath Temple,4.7,Religious,Unknown,All,https://images.unsplash.com/photo-1601208443688-c71856b84610?crop=entropy&cs=tinysrgb&fit=max&fm=jpg&ixid=M3w2NjYyMjB8MHwxfHNlYXJjaHwxfHxCYWJhJTIwQmFpZHlhbmF0aCUyMFRlbXBsZXxlbnwwfHx8fDE3MjkyNTIwMjZ8MA&ixlib=rb-4.0.3&q=80&w=400,1
Eastern,Jharkhand,Ranchi,Pahari Mandir,4.6,Religious,Unknown,All,https://images.unsplash.com/photo-1707938233687-47e61e5ad7c4?crop=entropy&cs=tinysrgb&fit=max&fm=jpg&ixid=M3w2NjYyMjB8MHwxfHNlYXJjaHwxfHxQYWhhcmklMjBNYW5kaXJ8ZW58MHx8fHwxNzI5MjUyMDI3fDA&ixlib=rb-4.0.3&q=80&w=400,1
Eastern,Bihar,Bodh Gaya,Mahabodhi Temple,4.7,Religious,-260,All,https://images.unsplash.com/photo-1665205731841-e6e7e0697488?crop=entropy&cs=tinysrgb&fit=max&fm=jpg&ixid=M3w2NjYyMjB8MHwxfHNlYXJjaHwxfHxNYWhhYm9kaGklMjBUZW1wbGV8ZW58MHx8fHwxNzI5MjUyMDI3fDA&ixlib=rb-4.0.3&q=80&w=400,1
Eastern,Bihar,Patna,Sanjay Gandhi Biological Park,4.3,Wildlife,Unknown,All,https://images.unsplash.com/photo-1686052903991-fedc0903ad4d?crop=entropy&cs=tinysrgb&fit=max&fm=jpg&ixid=M3w2NjYyMjB8MHwxfHNlYXJjaHwxfHxTYW5qYXklMjBHYW5kaGklMjBCaW9sb2dpY2FsJTIwUGFya3xlbnwwfHx8fDE3MjkyNTIwMjh8MA&ixlib=rb-4.0.3&q=80&w=400,3
Eastern,Bihar,Patna,Takhat Shri Harimandir Ji Patna Sahib,4.7,Religious,Unknown,All,https://images.unsplash.com/photo-1642388533218-2aa1e969df6c?crop=entropy&cs=tinysrgb&fit=max&fm=jpg&ixid=M3w2NjYyMjB8MHwxfHNlYXJjaHwxfHxUYWtoYXQlMjBTaHJpJTIwSGFyaW1hbmRpciUyMEppJTIwUGF0bmElMjBTYWhpYnxlbnwwfHx8fDE3MjkyNTIwMjh8MA&ixlib=rb-4.0.3&q=80&w=400,1
Eastern,Bihar,Patna,Budhha Smriti Park,4.4,Cultural,Unknown,All,https://images.unsplash.com/photo-1719947713275-e26b28ed8c6f?crop=entropy&cs=tinysrgb&fit=max&fm=jpg&ixid=M3w2NjYyMjJ8MHwxfHNlYXJjaHwxfHxCdWRoaGElMjBTbXJpdGklMjBQYXJrfGVufDB8fHx8MTcyOTI1MjI2OXww&ixlib=rb-4.0.3&q=80&w=400,3
Northern,Haryana,Gurugram,Kingdom of Dreams,4.4,Entertainment,2010,Afternoon,https://images.unsplash.com/photo-1582398626929-4aaba43f31eb?crop=entropy&cs=tinysrgb&fit=max&fm=jpg&ixid=M3w2NjYyMjJ8MHwxfHNlYXJjaHwxfHxLaW5nZG9tJTIwb2YlMjBEcmVhbXN8ZW58MHx8fHwxNzI5MjUyMjcwfDA&ixlib=rb-4.0.3&q=80&w=400,2
Northern,Haryana,Gurugram,Ambience Mall,4.6,Shopping,Unknown,Afternoon,https://images.unsplash.com/photo-1609175894527-9f13a8320377?crop=entropy&cs=tinysrgb&fit=max&fm=jpg&ixid=M3w2NjYyMjJ8MHwxfHNlYXJjaHwxfHxBbWJpZW5jZSUyME1hbGx8ZW58MHx8fHwxNzI5MjUyMjcwfDA&ixlib=rb-4.0.3&q=80&w=400,2
Northern,Haryana,Gurugram,DLF CyberHub,4.7,Entertainment,Unknown,Afternoon,https://images.unsplash.com/photo-1644777824525-9ac417a0674e?crop=entropy&cs=tinysrgb&fit=max&fm=jpg&ixid=M3w2NjYyMjJ8MHwxfHNlYXJjaHwxfHxETEYlMjBDeWJlckh1YnxlbnwwfHx8fDE3MjkyNTIyNzF8MA&ixlib=rb-4.0.3&q=80&w=400,2
Northern,Delhi,New Delhi,Gurudwara Bangla Sahib,4.8,Religious,Unknown,All,https://images.unsplash.com/photo-1620758661032-693581dc04d4?crop=entropy&cs=tinysrgb&fit=max&fm=jpg&ixid=M3w2NjYyMjJ8MHwxfHNlYXJjaHwxfHxHdXJ1ZHdhcmElMjBCYW5nbGElMjBTYWhpYnxlbnwwfHx8fDE3MjkyNTIyNzJ8MA&ixlib=rb-4.0.3&q=80&w=400,1
Northern,Uttarakhand,Kedarnath,Kedarnath,4.8,Religious,Unknown,All,https://images.unsplash.com/photo-1577516311194-eb14c570a137?crop=entropy&cs=tinysrgb&fit=max&fm=jpg&ixid=M3w2NjYyMjJ8MHwxfHNlYXJjaHwxfHxLZWRhcm5hdGh8ZW58MHx8fHwxNzI5MjUyMjcyfDA&ixlib=rb-4.0.3&q=80&w=400,1
Central,Uttar Pradesh,Noida,DLF Mall of India,4.6,Shopping,2016,All,https://images.unsplash.com/photo-1551735999-f3277d0e2aa9?crop=entropy&cs=tinysrgb&fit=max&fm=jpg&ixid=M3w2NjYyMjJ8MHwxfHNlYXJjaHwxfHxETEYlMjBNYWxsJTIwb2YlMjBJbmRpYXxlbnwwfHx8fDE3MjkyNTIyNzN8MA&ixlib=rb-4.0.3&q=80&w=400,3
Central,Uttar Pradesh,Greater Noida,The Grand Venice Mall,4.2,Shopping,Unknown,All,https://images.unsplash.com/photo-1523906921802-b5d2d899e93b?crop=entropy&cs=tinysrgb&fit=max&fm=jpg&ixid=M3w2NjYyMjJ8MHwxfHNlYXJjaHwxfHxUaGUlMjBHcmFuZCUyMFZlbmljZSUyME1hbGx8ZW58MHx8fHwxNzI5MjUyMjc0fDA&ixlib=rb-4.0.3&q=80&w=400,3
Southern,Karnataka,Bengaluru,Wonderla Amusement Park,4.5,Entertainment,2005,All,https://images.unsplash.com/photo-1722573783471-a240b1bc1a7f?crop=entropy&cs=tinysrgb&fit=max&fm=jpg&ixid=M3w2NjYyMjJ8MHwxfHNlYXJjaHwxfHxXb25kZXJsYSUyMEFtdXNlbWVudCUyMFBhcmt8ZW58MHx8fHwxNzI5MjUyMjc0fDA&ixlib=rb-4.0.3&q=80&w=400,3
Eastern,Odisha,Bhubaneswar,Nandankanan Zoological Park,4.4,Wildlife,1960,Afternoon,https://images.unsplash.com/photo-1618252068305-733c8fcb37ca?crop=entropy&cs=tinysrgb&fit=max&fm=jpg&ixid=M3w2NjYyMjJ8MHwxfHNlYXJjaHwxfHxOYW5kYW5rYW5hbiUyMFpvb2xvZ2ljYWwlMjBQYXJrfGVufDB8fHx8MTcyOTI1MjI3NXww&ixlib=rb-4.0.3&q=80&w=400,2
Southern,Karnataka,Bengaluru,Orion Mall,4.5,Shopping,2012,All,https://images.unsplash.com/photo-1709620241392-3b061d7d4770?crop=entropy&cs=tinysrgb&fit=max&fm=jpg&ixid=M3w2NjYyMjJ8MHwxfHNlYXJjaHwxfHxPcmlvbiUyME1hbGx8ZW58MHx8fHwxNzI5MjUyMjc1fDA&ixlib=rb-4.0.3&q=80&w=400,3
Southern,Telangana,Hyderabad,Inorbit Mall Cyberabad,4.5,Shopping,2004,All,https://images.unsplash.com/photo-1516274626895-055a99214f08?crop=entropy&cs=tinysrgb&fit=max&fm=jpg&ixid=M3w2NjYyMjJ8MHwxfHNlYXJjaHwxfHxJbm9yYml0JTIwTWFsbCUyMEN5YmVyYWJhZHxlbnwwfHx8fDE3MjkyNTIyNzZ8MA&ixlib=rb-4.0.3&q=80&w=400,3
Northern,Delhi,New Delhi,Jama Masjid,4.5,Historical,1656,All,https://images.unsplash.com/photo-1705861144725-fec71584b816?crop=entropy&cs=tinysrgb&fit=max&fm=jpg&ixid=M3w2NjYyMjJ8MHwxfHNlYXJjaHwxfHxKYW1hJTIwTWFzamlkfGVufDB8fHx8MTcyOTI1MjI3Nnww&ixlib=rb-4.0.3&q=80&w=400,3
Southern,Tamil Nadu,Rameswaram,Ramanathaswamy Temple,4.7,Religious,Unknown,All,https://images.unsplash.com/photo-1601208443688-c71856b84610?crop=entropy&cs=tinysrgb&fit=max&fm=jpg&ixid=M3w2NjYyMjJ8MHwxfHNlYXJjaHwxfHxSYW1hbmF0aGFzd2FteSUyMFRlbXBsZXxlbnwwfHx8fDE3MjkyNTIyNzd8MA&ixlib=rb-4.0.3&q=80&w=400,1
Central,Uttar Pradesh,Greater Noida,Buddh International Circuit,4.6,Sports,2011,All,https://images.unsplash.com/photo-1635933311326-631fc7bf37e5?crop=entropy&cs=tinysrgb&fit=max&fm=jpg&ixid=M3w2NjYyMjJ8MHwxfHNlYXJjaHwxfHxCdWRkaCUyMEludGVybmF0aW9uYWwlMjBDaXJjdWl0fGVufDB8fHx8MTcyOTI1MjI3N3ww&ixlib=rb-4.0.3&q=80&w=400,3
Central,Uttar Pradesh,Lucknow,Phoenix Palassio,4.6,Shopping,2020,All,https://images.unsplash.com/photo-1661695013579-9cdd5d1ef425?crop=entropy&cs=tinysrgb&fit=max&fm=jpg&ixid=M3w2NjYyMjJ8MHwxfHNlYXJjaHwxfHxQaG9lbml4JTIwUGFsYXNzaW98ZW58MHx8fHwxNzI5MjUyMjc4fDA&ixlib=rb-4.0.3&q=80&w=400,3
Southern,Kerala,Kochi,LuLu International Shopping Mall,4.6,Shopping,2013,All,https://images.unsplash.com/photo-1534452203293-494d7ddbf7e0?crop=entropy&cs=tinysrgb&fit=max&fm=jpg&ixid=M3w2NjYyMjJ8MHwxfHNlYXJjaHwxfHxMdUx1JTIwSW50ZXJuYXRpb25hbCUyMFNob3BwaW5nJTIwTWFsbHxlbnwwfHx8fDE3MjkyNTIyNzl8MA&ixlib=rb-4.0.3&q=80&w=400,3
Northern,Delhi,New Delhi,Rail Museum,4.4,Cultural,1977,Morning,https://images.unsplash.com/photo-1582037285242-9ea83fb30402?crop=entropy&cs=tinysrgb&fit=max&fm=jpg&ixid=M3w2NjYyMjJ8MHwxfHNlYXJjaHwxfHxSYWlsJTIwTXVzZXVtfGVufDB8fHx8MTcyOTI1MjI3OXww&ixlib=rb-4.0.3&q=80&w=400,0
North Eastern,Meghalaya,Cherrapunji,Living Root Bridge,4.6,Nature,Unknown,Morning,https://images.unsplash.com/photo-1519668992307-c9ee50758b12?crop=entropy&cs=tinysrgb&fit=max&fm=jpg&ixid=M3w2NjYyMjJ8MHwxfHNlYXJjaHwxfHxMaXZpbmclMjBSb290JTIwQnJpZGdlfGVufDB8fHx8MTcyOTI1MjI4MHww&ixlib=rb-4.0.3&q=80&w=400,0
Western,Gujarat,Gandhinagar,Akshardham,4.6,Religious,1992,All,https://images.unsplash.com/photo-1677933001473-538ea5ffa19a?crop=entropy&cs=tinysrgb&fit=max&fm=jpg&ixid=M3w2NjYyMjJ8MHwxfHNlYXJjaHwxfHxBa3NoYXJkaGFtfGVufDB8fHx8MTcyOTI1MjI4MXww&ixlib=rb-4.0.3&q=80&w=400,1
Central,Uttar Pradesh,Agra,Agra Fort,4.5,Historical,1565,Afternoon,https://images.unsplash.com/photo-1619636534313-9e377ea5fc6c?crop=entropy&cs=tinysrgb&fit=max&fm=jpg&ixid=M3w2NjYyMjJ8MHwxfHNlYXJjaHwxfHxBZ3JhJTIwRm9ydHxlbnwwfHx8fDE3MjkyNTIyODF8MA&ixlib=rb-4.0.3&q=80&w=400,2
Central,Madhya Pradesh,Bhopal,Madhya Pradesh Tribal Museum,4.7,Cultural,2013,All,https://images.unsplash.com/photo-1641810290430-c24d021d4ace?crop=entropy&cs=tinysrgb&fit=max&fm=jpg&ixid=M3w2NjYyMjJ8MHwxfHNlYXJjaHwxfHxNYWRoeWElMjBQcmFkZXNoJTIwVHJpYmFsJTIwTXVzZXVtfGVufDB8fHx8MTcyOTI1MjI4Mnww&ixlib=rb-4.0.3&q=80&w=400,3
Northern,Rajasthan,Jaipur,City Palace,4.4,Historical,1727,Morning,https://images.unsplash.com/photo-1715405155995-61757307e065?crop=entropy&cs=tinysrgb&fit=max&fm=jpg&ixid=M3w2NjYyMjJ8MHwxfHNlYXJjaHwxfHxDaXR5JTIwUGFsYWNlfGVufDB8fHx8MTcyOTI1MjI4M3ww&ixlib=rb-4.0.3&q=80&w=400,0
Northern,Rajasthan,Jaipur,Albert Hall Museum,4.5,Historical,1887,All,https://images.unsplash.com/photo-1705861144570-00ede2bc7e7f?crop=entropy&cs=tinysrgb&fit=max&fm=jpg&ixid=M3w2NjYyMjJ8MHwxfHNlYXJjaHwxfHxBbGJlcnQlMjBIYWxsJTIwTXVzZXVtfGVufDB8fHx8MTcyOTI1MjI4M3ww&ixlib=rb-4.0.3&q=80&w=400,3
